Code,Name,Category Code,Unit,Size,Cost,Price,Alert Quantity, Tax Rate Name
STD 69 Callout,STD $69 Callout Charge,C1,box,NA,0,62.73,2,GST
STD 69 Callout,STD $69 Callout Charge,C1,box,NA,0,62.73,2,GST
1/2 LBR,STD 1/2hr labour,C1,box,NA,0,54.55,2,GST
1/2 LBR,STD 1/2hr labour,C1,box,NA,0,54.55,2,GST
1/2 LBR,STD 1/2hr labour,C1,box,NA,0,54.55,2,GST
1/4LBR,STD 1/4 Labour,C1,box,NA,0,27.27,2,GST
SE100,ELE WHSE FAN 2200W-SE100,C1,box,NA,20.91,62.73,2,GST
525884P,MOTOR ROTOR FP DD-525884P,C1,box,NA,29.7,89.09,2,GST
W035WU,INLET VALVE-W035WU,C1,box,NA,20.91,62.73,2,GST
3447,ELEMENT FF BLANCO-3447,C1,box,NA,29.7,89.09,2,GST
46197140165,Double Valve WPOOL,C1,box,NA,79,79,2,GST
CB29,CALL BACK 29,C1,box,NA,26.36,26.36,2,GST
CB29,CALL BACK 29,C1,box,NA,26.36,26.36,2,GST
GLO32-02,Lower Bake Element GLO32-02,C1,box,NA,0,89.09,2,GST
NS$15,FREIGHT NORTHSIDE $15,C1,box,NA,15,15,2,GST
GLO-GLO12-03,Element Grill 10cm plate SNG B60100 1300W,C1,box,NA,37,89.09,2,GST
GLO13-01,Lower Bake Element GLO13-01,C1,box,NA,99,99,2,GST
55.17059.150,Thermostat 5517039150,C1,box,NA,82,82,2,GST
1438545,Water Filter 1438545,C1,box,NA,35,70,2,GST
6871DD1015L,MAIN PCB LG 6871DD1015L,C1,box,NA,55,110,2,GST
5215ED10002A,VALVE AND HOSE LG 5215ED10002A,C1,box,NA,41.8,89,2,GST
FIX$9,FREIGHT FIXZIT $9,C1,box,NA,8.1,9,2,GST
DA62-00092A,HOSE SAMSUNG DA62-00092A,C1,box,NA,12.7,29,2,GST
SAM$20,FREIGHT SAMSUNG $20,C1,box,NA,20,20,2,GST
DS Freight,Freight DS,C1,box,NA,4.54,4.55,2,GST
GLO-9666,Blanco 9666 fan forced element,C1,box,NA,25.5,89.09,2,GST
790769,Fisher & Paykel Heater Assy 790769,C1,box,NA,0,114.55,2,GST
Fp1033,Door Hinge (oven) Delonghi FP1033,C1,box,NA,0,62.73,2,GST
FP1009,Thermostat (oven) Delonghi FP1009,C1,box,NA,0,99.09,2,GST
19362,"019362, DOOR HINGES (EMILIA OVEN) 019362",C1,box,NA,74.75,107.98,2,GST
01R951,TIMER (EMILIA OVEN) 01R951,C1,box,NA,76,110.55,2,GST
$50 CALLOUT SPECIAL,$50 CALLOUT SPECIAL,C1,box,NA,30,45.45,2,GST
BWG-W10355492,AIR DIFFUSER ASSEMBLY,C1,box,NA,118.5,140.04,2,GST
SE-AM001,AMANA DEFROST HEATER,C1,box,NA,72.72,109.09,2,GST
NS-1115765123,AQUA CONTROL FEEDER HOSE,C1,box,NA,52.72,8980.9,2,GST
GLO-C00081597,ARISTON OVEN THERMOSTAT,C1,box,NA,99,999,2,GST
SAM-DD82-01039A,ASSY WELDING,C1,box,NA,32.4,71.81,2,GST
END-674006100000,AWECO Flowmeter,C1,box,NA,26.79,44.54,2,GST
BSH-00171255,AXIS,C1,box,NA,2.24,4.54,2,GST
SAM-DA97-01619B,BAFFLE,C1,box,NA,72.83,150,2,GST
NS-1443632K,BAFFLE KIT,C1,box,NA,89,89.09,2,GST
NS-0564257398,BAG ASSY FILTER,C1,box,NA,8.18,14.54,2,GST
NS-0542377026,BEARING KIT,C1,box,NA,10,26.36,2,GST
FP-479317P,BEARING KIT DRUM,C1,box,NA,62.72,62.72,2,GST
QT-4738ER2004A,BELLOW,C1,box,NA,9.8,14.54,2,GST
NS-38528403,BELT,C1,box,NA,8.18,22.72,2,GST
QT-B043,BELT,C1,box,NA,29.69,44.54,2,GST
NS-019800011,BELT 7 RIB,C1,box,NA,29.69,44.54,2,GST
QT-B023,Belt Main Drive,C1,box,NA,8.5,17.27,2,GST
SM-763870139,BEZEL LIGHT,C1,box,NA,1.36,2.72,2,GST
FP-521415,BLACK END CAPS,C1,box,NA,23.63,23.63,2,GST
GLO-040899009908R,Blanco Commutator/Multi Switch,C1,box,NA,73.5,118.18,2,GST
DS-1749190100,BLANCO DOOR SEAL,C1,box,NA,999,999,2,GST
DS-584001,BLANCO HINGE SUPPORTS,C1,box,NA,25,70.9,2,GST
GLO-090118009916R,Blanco Oven Door Seal,C1,box,NA,22,44.55,2,GST
GLO-031118009908R,Blanco Oven Right Hinge,C1,box,NA,29.5,53.64,2,GST
QT-5835ED2001A,BLOWER FAN,C1,box,NA,41.81,62.72,2,GST
NS-0133200118A,BOARD POWER  A/W Simpon,C1,box,NA,96.36,144.54,2,GST
NS-119436400,BOARD USER INTERFACE ASSY,C1,box,NA,44.54,68.81,2,GST
QT-4040FR4051C,BOLT ASSY,C1,box,NA,3,6.36,2,GST
BSH-601068,BOSCH FREEZER FAN BLADE,C1,box,NA,12.72,19.09,2,GST
QT-142333,BOSCH FRONT EVAP COVER,C1,box,NA,99,99,2,GST
GLO-354135,Bosch Front Loader Boot Gasket,C1,box,NA,38,80.91,2,GST
BSH-00265961,Bosch Heating Element,C1,box,NA,90,135.44,2,GST
NS-0188400012,BOTTOM DOOR GASKET,C1,box,NA,9.09,18.18,2,GST
QT-0188400012,BOTTOM DOOR GASKET,C1,box,NA,18.18,27.27,2,GST
QT-0208400158G,BOTTOM DOOR GASKET,C1,box,NA,29.69,44.54,2,GST
NS-0208400131G,BOTTOM DOOR SEAL,C1,box,NA,16.36,26.36,2,GST
QT-DWS826,BOTTOM DOOR SEAL,C1,box,NA,26,26.36,2,GST
GLO-1893,BOTTOM OVEN ELEMENT (HINGED),C1,box,NA,22,44.54,2,GST
AAZ34009159,BOX ASSEMBLY DETERGENT,C1,box,NA,18.2,36.4,2,GST
SAM-DA61-04215A,BRACKET,C1,box,NA,7.6,11.81,2,GST
BWG-61006109,BULB,C1,box,NA,16.36,32.72,2,GST
BWG-480121100568,Cabinet Seal,C1,box,NA,38.63,62.72,2,GST
BWG-481246688774,Cabinet Seal,C1,box,NA,39.09,62.72,2,GST
GLO-405277,CABINET SEAL,C1,box,NA,31.4,62.72,2,GST
HAP-401735,CABINET SEAL,C1,box,NA,14.63,35.45,2,GST
NS-0007204001,CAP ASSY DISPENSER,C1,box,NA,7.27,10.9,2,GST
SAM-2501-001186,Capacitor,C1,box,NA,15.41,23.63,2,GST
GLO-10.58111.003,Ceramic  Large Cook Top Element 1800W,C1,box,NA,56.73,89.09,2,GST
GLO-0122004247,CERAMIC ELEMENT,C1,box,NA,25,80.9,2,GST
GLO-0122004248,CERAMIC ELEMENT,C1,box,NA,22,80.9,2,GST
GLO-10.54111.042,CERAMIC ELEMENT,C1,box,NA,45,89.09,2,GST
GLO-10.59111.042,CERAMIC ELEMENT,C1,box,NA,25,89.09,2,GST
GLO-EF10.51211.453,CERAMIC ELEMENT,C1,box,NA,25,100,2,GST
GLO-10.58111.043,Ceramic Hotplate Element 1800W 200mm,C1,box,NA,47,89.09,2,GST
NS-0048004793K,CHANNEL KIT,C1,box,NA,44.54,90,2,GST
NS-1416493,CLIP SPRING RJ412G,C1,box,NA,2.72,2.72,2,GST
GLO-0122004371,COIL ELEMENT,C1,box,NA,15,80.9,2,GST
GLO-0122004590,COIL ELEMENT,C1,box,NA,15,62.72,2,GST
GLO-9808,COIL ELEMENT,C1,box,NA,99,99,2,GST
GLO-ES4384,COIL ELEMENT,C1,box,NA,15,62.72,2,GST
GLO-4800334,"COIL ELEMENT 61/4\1250W""",C1,box,NA,13.6,80.9,2,GST
GLO-3503-10,COIL HOTPLATE 1100W 145MM,C1,box,NA,12.8,62.72,2,GST
GLO-3501-10,COIL HOTPLATE 1800W 180MM,C1,box,NA,17.2,62.72,2,GST
FP-420148P,Cold Water Inlet Valve,C1,box,NA,37.63,69,2,GST
PR-MSFBRGMA002WREO,BEARING,C1,box,NA,26.92,40.9,2,GST
PR-MSNBLTKA005WREO,BELT,C1,box,NA,8.14,16.36,2,GST
SE-W051,BEND HOSE HOOK,C1,box,NA,3.03,4.54,2,GST
GLO-031118009909R,BLANCO HINGE LH,C1,box,NA,29.5,53.64,2,GST
GLO-031118009908,BLANCO HINGE RH,C1,box,NA,29.5,53.71,2,GST
SE-LG626,BREAK MOTOR,C1,box,NA,41.81,62.72,2,GST
SE-SP001A,BREAK MOTOR,C1,box,NA,41.81,62.72,2,GST
QT-5250FA1731P,BREAK MOTOR LG,C1,box,NA,41.81,62.72,2,GST
NS-808893501,BUZZER BOX CONTROL ASSY,C1,box,NA,71.81,98.34,2,GST
QT-8572717,CAPACITOR,C1,box,NA,45,45.45,2,GST
QT-BEN009,CAPACITOR 10MF,C1,box,NA,3.5,18.18,2,GST
QT-DWV008,CAPACITOR 12.5 MF,C1,box,NA,3.5,18.18,2,GST
QT-CAP014,CAPACITOR 14 MF,C1,box,NA,14,27.27,2,GST
QT-CAP015,CAPACITOR 15 MF,C1,box,NA,8.05,18.18,2,GST
QT-BEN010,CAPACITOR 16MF,C1,box,NA,7.05,18.18,2,GST
QT-CAP018,CAPACITOR 18 MF,C1,box,NA,8.4,18.18,2,GST
QT-CAP002,CAPACITOR 2 MF,C1,box,NA,9,18.18,2,GST
QT-CAP020,CAPACITOR 20 MF,C1,box,NA,8.94,18.18,2,GST
QT-CAP025,CAPACITOR 25 MF,C1,box,NA,12,22.72,2,GST
QT-CAP003,CAPACITOR 3 MF,C1,box,NA,8,18.18,2,GST
QT-CAP030,CAPACITOR 30 MF,C1,box,NA,15,27.27,2,GST
QT-CAP035,CAPACITOR 35 MF,C1,box,NA,15,27.27,2,GST
QT-CAP004,CAPACITOR 4 MF,C1,box,NA,3.5,18.18,2,GST
QT-CAP040,CAPACITOR 40 MF,C1,box,NA,15,27.27,2,GST
QT-CAP045,CAPACITOR 45 MF,C1,box,NA,19,36.36,2,GST
QT-CAP005,CAPACITOR 5 MF,C1,box,NA,3.5,18.18,2,GST
QT-CAP050,CAPACITOR 50 MF,C1,box,NA,18,36.36,2,GST
QT-CAP006,CAPACITOR 6 MF,C1,box,NA,3.5,18.18,2,GST
QT-CAP060,CAPACITOR 60 MF,C1,box,NA,20,36.36,2,GST
QT-CAP007,CAPACITOR 7 MF,C1,box,NA,3.5,18.18,2,GST
QT-CAP008,CAPACITOR 8 MF,C1,box,NA,3.5,18.18,2,GST
QT-CAP080,CAPACITOR 80 MF,C1,box,NA,22,36.36,2,GST
QT-CAP010,CAPACITOR CAP10,C1,box,NA,18,18.18,2,GST
INK-QI-FX9/10,COMPATIBLE CANON FX9/FX10 - 2000PGS,C1,box,NA,8,8,2,GST
QT-RF108GE,CONDENSOR FAN MOTOR,C1,box,NA,72.72,109.09,2,GST
AP-CONSUMABLES,CONSUMABLES,C1,box,NA,9.09,18.18,2,GST
NS-1560723-01/5,Contro Panel,C1,box,NA,50,75.45,2,GST
AS-8801232,Control Board,C1,box,NA,242.49,315.45,2,GST
NS-1448797,CONTROL BOARD,C1,box,NA,90,127.27,2,GST
ED-MA33002880,CONTROL BOARD MAYTAG DRYER,C1,box,NA,422.37,605,2,GST
NS-1434048R,Control Board Whse,C1,box,NA,146,219,2,GST
GLO-MSA-V03,CONTROL COOKTOP,C1,box,NA,89,89.09,2,GST
GLO-50.55073.010,CONTROL COOKTOP ELEMENT,C1,box,NA,12.09,35.45,2,GST
GLO-SWANN 5346,CONTROL COOKTOP ELEMENT,C1,box,NA,44,44.54,2,GST
GLO-MSA-312,CONTROL DUAL COOKTOP,C1,box,NA,62,62.72,2,GST
GLO-50.56078.007,CONTROL ELEMENT,C1,box,NA,44,44.54,2,GST
GLO-EF50.56078.008,CONTROL ELEMENT,C1,box,NA,44,44.54,2,GST
BSH-00647596,Control Module Programmed,C1,box,NA,244.33,318.18,2,GST
NS1560111-21/1,Control Panel,C1,box,NA,50,70,2,GST
NS-1560111-41/9,CONTROL PANEL COMPLETE SILVER,C1,box,NA,50,80.9,2,GST
BWG-W10469016,CONTROL PCB,C1,box,NA,110.45,180.9,2,GST
FP-528397 NAP,CONTROL PCB,C1,box,NA,120,180,2,GST
GLO-M58314,CONTROL SINGLE POLE,C1,box,NA,10,44.54,2,GST
SM-818731124,Control Themostat Smeg,C1,box,NA,48.52,98,2,GST
GLO-55.17059.290,CONTROL THERMOSTAT,C1,box,NA,59.7,89.09,2,GST
GLO-55.18064.090,CONTROL THERMOSTAT,C1,box,NA,40.04,80.9,2,GST
GLO-55.13053.010,Control Thermostat 066072,C1,box,NA,52.7,89.09,2,GST
PRO-AK80010D,control thermostat BAUMATIC twin capillary for bottom oven,C1,box,NA,63.25,95.45,2,GST
GLO-818731124,Control Thermostat Smeg,C1,box,NA,36.75,89.09,2,GST
GLO-818731127,Control Thermostat Smeg,C1,box,NA,35.25,89.09,2,GST
SM-818731127,Control Thermostat Smeg,C1,box,NA,48.79,98,2,GST
QT-DWF019,CONTROLLER,C1,box,NA,159,159.09,2,GST
FP-522843NAP,CONTROLLER PH5 (605) PCB 527715NAP,C1,box,NA,99.75,149.62,2,GST
DS-DO079025,COOLING FAN,C1,box,NA,56.14,96.36,2,GST
GLO-481893,COOLING FAN,C1,box,NA,110.74,166.36,2,GST
GLO-52354,COOLING FAN,C1,box,NA,29,89.09,2,GST
GLO-55410,COOLING FAN,C1,box,NA,39.2,89.09,2,GST
GLO-FZR240,COOLING FAN,C1,box,NA,29,89.09,2,GST
GLO-FZR300,COOLING FAN,C1,box,NA,29,89.09,2,GST
GLO-041199009903R,Cooling Fan Thermostat,C1,box,NA,14.5,26.36,2,GST
QT-4901ER2001C,Damper Assembly,C1,box,NA,14.5,29.09,2,GST
SAM-DA97-01880W,Damper Assembly,C1,box,NA,41,61.5,2,GST
BWG-61005234,DEFROST ELEMENT,C1,box,NA,40.45,62.72,2,GST
QT-RFP022,DEFROST ELEMENT,C1,box,NA,47.85,100,2,GST
SE-67005308,DEFROST ELEMENT,C1,box,NA,47.87,71.81,2,GST
SE-RF109D,DEFROST ELEMENT,C1,box,NA,69,69,2,GST
SE-RFP107,DEFROST ELEMENT,C1,box,NA,98,98,2,GST
ED-61006079,DEFROST ELEMENT & THERMOSTAT,C1,box,NA,71.06,107.27,2,GST
SE-RF202,DEFROST ELEMENT FP,C1,box,NA,72.72,109.09,2,GST
SAM-DA47-00247C,DEFROST ELEMENT SAMSUNG S/S,C1,box,NA,41.81,62.72,2,GST
SE-RF110,DEFROST ELEMENT U TYPE,C1,box,NA,78.78,118.18,2,GST
SE-RF200A,DEFROST ELEMENT WHIRLPOOL,C1,box,NA,59.39,89.09,2,GST
SAM-DA47-00247K,DEFROST ELEMNET,C1,box,NA,41.81,62.72,2,GST
DS-RF922,DEFROST HEATER,C1,box,NA,53.8,80.9,2,GST
QT-RF110D,DEFROST HEATER,C1,box,NA,16,62.72,2,GST
QT-RFLG012,Defrost Heater,C1,box,NA,28,59.09,2,GST
QT-RFP014,DEFROST HEATER E442BL,C1,box,NA,50.72,100,2,GST
QT-5300JB1088B,DEFROST HEATER LG,C1,box,NA,59.39,89.09,2,GST
QT-5300JB1091B,DEFROST HEATER LG,C1,box,NA,39.39,59.09,2,GST
SE-RF203,DEFROST HEATER LONG,C1,box,NA,72.72,109.09,2,GST
QT-DA32-00006W,DEFROST SENSOR,C1,box,NA,26,26.36,2,GST
QT-RFSM001,DEFROST SENSOR SAMSUNG,C1,box,NA,29,29,2,GST
SE-RF144A,DEFROST TERMINATION,C1,box,NA,41.81,62.72,2,GST
NS-1448818,DEFROST THERMOSTAT,C1,box,NA,20,44.54,2,GST
QT-RF027A,DEFROST THERMOSTAT,C1,box,NA,44,44.54,2,GST
SE-RF027,DEFROST THERMOSTAT,C1,box,NA,44.54,44.54,2,GST
SE-RF027A,DEFROST THERMOSTAT,C1,box,NA,62.72,62.72,2,GST
SE-RF027L,DEFROST THERMOSTAT,C1,box,NA,44,44.54,2,GST
ED-WR9X541,DEFROST TIMER,C1,box,NA,66.66,100,2,GST
NS-1407843,Defrost Timer,C1,box,NA,33,70,2,GST
NS-1415435,DEFROST TIMER,C1,box,NA,40.9,71.18,2,GST
SE-RF017A,DEFROST TIMER,C1,box,NA,10,62.72,2,GST
SE-RF017D,DEFROST TIMER,C1,box,NA,41.81,62.72,2,GST
SE-RF107A,DEFROST TIMER,C1,box,NA,41.81,62.72,2,GST
QT-6914JB2006R,DEFROST TIMER 6HE 35MIN,C1,box,NA,62,62.72,2,GST
QT-RF096AS,DEFROST TIMER 6HR 21 MIN,C1,box,NA,62,62.72,2,GST
SE-RF096BM,DEFROST TIMER 6HR 21 MIN,C1,box,NA,59.39,89.09,2,GST
SE-RF096BB,DEFROST TIMER 6HR 21MIN,C1,box,NA,41.81,62.72,2,GST
QT-1407843,DEFROST TIMER 6HR CAM ASSY,C1,box,NA,62,62.72,2,GST
SE-RF103,DEFROST TIMER 8 HR 24 MIN,C1,box,NA,41.81,62.72,2,GST
QT-1448728,DEFROST TIMER 8HR,C1,box,NA,80,80.9,2,GST
SE-TMDE503FC,DEFROST TIMER 8HR 12 MIN,C1,box,NA,41.81,62.72,2,GST
DS-063100,Delonghi Door Hinges,C1,box,NA,19.16,50,2,GST
NS-1401960,CONTROL THERMOSTAT KIT,C1,box,NA,50,77.27,2,GST
FP-821304P,COOLSPICE & CONNECTOR COVER (ADAPTOR KIT),C1,box,NA,9.06,10.9,2,GST
QT-DA97-05290Q,COVER EVAPORATOR PC,C1,box,NA,60.64,120,2,GST
SE-RF190,DEFROST BIMETAL & FUSE,C1,box,NA,62,62.72,2,GST
SE-RF190E,DEFROST BIMETAL & FUSE,C1,box,NA,62,62.72,2,GST
FP-821730P,DEFROST HEATER,C1,box,NA,66.66,100,2,GST
FP-820687P,DEFROST HEATER ADAPTERS,C1,box,NA,10,10.9,2,GST
QT-5311439 (RF112),DEFROST HEATER ELECTROLUX,C1,box,NA,41.81,62.72,2,GST
FP-818979,DEFROST HEATER KIT YELLOW,C1,box,NA,59.39,89.09,2,GST
QT-5300JB1045B,DEFROST HEATER LG,C1,box,NA,41.81,62.72,2,GST
QT-5300JB1054B,DEFROST HEATER LG,C1,box,NA,59.39,89.09,2,GST
QT-5300JB1089B,DEFROST HEATER LG,C1,box,NA,59.39,89.09,2,GST
QT-5300JB1092B,DEFROST HEATER LG,C1,box,NA,41.81,62.72,2,GST
QT-61006079,DEFROST HEATER LONG WHIRLPOOL,C1,box,NA,84.84,127.27,2,GST
QT-61006152,DEFROST HEATER SHORT WHIRLPOOL,C1,box,NA,72.72,109.09,2,GST
SE-FR201,DEFROST HEATER WITH PLUG F & P,C1,box,NA,72.72,109.09,2,GST
SE-RF190A,DEFROST SENSOR & FUSE,C1,box,NA,44,44.54,2,GST
SAM-DA32-00006W,DEFROST SENSOR FZ/PC,C1,box,NA,13.5,29,2,GST
QT-6615JB2005A,DEFROST SENSOR WITH FUSE,C1,box,NA,44,44.54,2,GST
SE-RF145,DEFROST TERMINATION,C1,box,NA,44,44.54,2,GST
QT-6615JB2002A,DEFROST THERMOSTAT,C1,box,NA,29.69,44.54,2,GST
QT-J541-00001D,DEFROST THERMOSTAT,C1,box,NA,44,44.54,2,GST
SE- RF103,DEFROST TIMER-DO NOT ORDER,C1,box,NA,15,62.72,2,GST
GLO-050028.1,Delonghi Multi Switch,C1,box,NA,33,89.09,2,GST
BWG-W10151378,DIFFUSER,C1,box,NA,107.27,162.72,2,GST
BWG-W10129864,DIFFUSER ASSEMBLY,C1,box,NA,78.5,117.77,2,GST
NS-40714059,DISCO MELT ELECTROLUX,C1,box,NA,62,62.72,2,GST
DD81-01213A,Dishwasher Drain Hose,C1,box,NA,12.31,26.36,2,GST
SAMDD81-01213A,Dishwasher Drain Hose,C1,box,NA,15.9,31.81,2,GST
SE-DWV114,Dishwasher Heating Element,C1,box,NA,89,89.09,2,GST
SAMDD81-01211A,Dishwasher Inlet Valve Assy,C1,box,NA,56.3,84.54,2,GST
SAM-DC97-16005C,DISPENSER,C1,box,NA,43.6,87.27,2,GST
QT-DWU003,DISPENSER UNIVERSAL,C1,box,NA,999,999,2,GST
PRO-303203101406,Display Board Assembly,C1,box,NA,97.75,147.27,2,GST
EN-71X0023,DISPLAY PCB,C1,box,NA,216,281.81,2,GST
QT-EBR42908702,DISPLAY PCB,C1,box,NA,59,118,2,GST
BSH-704288,DOOR & HANDLE SIMENS,C1,box,NA,999,999,2,GST
PR-NPCNRBD365781,DOOR ASSY FGRIDGE PANASONIC,C1,box,NA,202.67,304,2,GST
DS-1750900100,DOOR CATCH,C1,box,NA,10.4,26.36,2,GST
DS-1880300100,DOOR CATCH,C1,box,NA,10.4,26.36,2,GST
PR-NPCNRBD365722,DOOR FREEZER PANASONIC,C1,box,NA,171.67,527.5,2,GST
BSH-00443455,DOOR GASKET,C1,box,NA,58.49,89.09,2,GST
FP-473543P,DOOR GASKET,C1,box,NA,29.69,44.54,2,GST
NS-0208400069,DOOR GASKET,C1,box,NA,20.9,44.54,2,GST
NS-147110005,Door Gasket,C1,box,NA,41.81,62.72,2,GST
PR-NPAXW2127SR0,DOOR GASKET,C1,box,NA,50.55,71.82,2,GST
QT-0208400069,DOOR GASKET,C1,box,NA,23.63,35.45,2,GST
SM-754130475,Door Gasket,C1,box,NA,41.54,62.72,2,GST
AZ-12002533,DOOR GASKET MAYTAG,C1,box,NA,50.2,100,2,GST
SM-766135921,DOOR HANDLE,C1,box,NA,19.26,34.45,2,GST
QT-3650ER3002B,DOOR HANDLE GREY,C1,box,NA,17,17.27,2,GST
SAM-DC64-02720A,DOOR HANDLE GREY,C1,box,NA,13,13.63,2,GST
AN-9590178-00/013,DOOR HANDLE KIT LIEBHERR,C1,box,NA,51.51,77.27,2,GST
SAM-DC64-01524A,DOOR HANDLE LIGHT GREY,C1,box,NA,18,18.18,2,GST
SAM-DC64-00561A,DOOR HANDLE WHITE,C1,box,NA,26,26.36,2,GST
SAM-DC64-01524B,DOOR HANDLE WHITE,C1,box,NA,13,13.63,2,GST
SAM-DC97-09760A,DOOR HANDLE WHITE,C1,box,NA,13,13.63,2,GST
NS-C459002X,Door Handle/Latch,C1,box,NA,24.54,49.09,2,GST
EN-031499002402R,DOOR HEAD LOWER (L),C1,box,NA,8.35,13.63,2,GST
EN-031499002401R,DOOR HEAD LOWER (R),C1,box,NA,8.35,13.63,2,GST
EN-031499002405R,DOOR HEAD UPPER (L),C1,box,NA,8.35,13.63,2,GST
EN-031499002406R,DOOR HEAD UPPER (R),C1,box,NA,8.35,13.63,2,GST
AR-C00083113,DOOR HINGE,C1,box,NA,31.69,53.36,2,GST
DS-031199009941R,DOOR HINGE,C1,box,NA,53.8,109.09,2,GST
NS-0045001051,DOOR HINGE,C1,box,NA,98,98,2,GST
NS-0045300029,DOOR HINGE,C1,box,NA,11.81,26.36,2,GST
SAM-DA97-06158A,DOOR HINGE,C1,box,NA,12.65,19.09,2,GST
SE-213,DOOR HINGE,C1,box,NA,18,26.36,2,GST
PR-1260000153,DOOR HINGE (LH),C1,box,NA,42.08,62.72,2,GST
BS-00643913,Door hinge kit,C1,box,NA,114.29,171.43,2,GST
SE-SE213,DOOR HINGE OVEN,C1,box,NA,15,26.36,2,GST
ED-50223858-00/7,DOOR HINGES,C1,box,NA,157.3,218.18,2,GST
ED-FC98D005B8,DOOR HINGES,C1,box,NA,50,82.5,2,GST
EN-931330551,DOOR HINGES,C1,box,NA,33.75,53.63,2,GST
GLO-03040078,Door Hinges,C1,box,NA,28.2,62.72,2,GST
GLO-031199009912R,Door Hinges,C1,box,NA,23.5,35.45,2,GST
GLO-031199009930R,DOOR HINGES,C1,box,NA,46.81,89.09,2,GST
SE-SE213AF,DOOR HINGES (ELECTROLUX),C1,box,NA,35,35.45,2,GST
PR-12600030,DOOR HINGES BAUMATIC,C1,box,NA,98,98,2,GST
BSH-00640012,Door Hinges Bosch Oven,C1,box,NA,31.49,45.54,2,GST
BWG-481228058044,DOOR INTERLOCK,C1,box,NA,999,89.09,2,GST
FP-427225P,Door Kit Assembly,C1,box,NA,26.25,52.72,2,GST
AR-A195887,DOOR LATCH,C1,box,NA,999,35.45,2,GST
DS-673001800214,DOOR LATCH,C1,box,NA,26.36,26.36,2,GST
QT-4027ED3002B,DOOR LATCH ASSY,C1,box,NA,44,44.54,2,GST
QT-4027FD3621S,DOOR LATCH ASSY,C1,box,NA,62,62.72,2,GST
SAM-DC97-05111A,DOOR LATCH F/LOADER,C1,box,NA,44,44.54,2,GST
QT-DC64-01538A,DOOR LOCK SAMSUNG,C1,box,NA,69,69,2,GST
HO12G6050032,DOOR MICROSWITCH,C1,box,NA,14.69,62.72,2,GST
NS-0038002840,DOOR OVEN GLASS OUTER SS,C1,box,NA,77.27,115.9,2,GST
AR-A091946,DOOR SEAL,C1,box,NA,48.75,72.72,2,GST
AR-A141317,DOOR SEAL,C1,box,NA,11.67,26.36,2,GST
ED-FCA7A001AZ,DOOR SEAL,C1,box,NA,43.89,71.81,2,GST
EN-090148009902R,DOOR SEAL,C1,box,NA,41,62.72,2,GST
NS-0208003469,DOOR SEAL,C1,box,NA,30,53.63,2,GST
NS-0208400158G,DOOR SEAL,C1,box,NA,21.81,35.45,2,GST
QT-4986EN1003A,Door Seal,C1,box,NA,48,71.81,2,GST
QT-DWS026,DOOR SEAL,C1,box,NA,35,35.45,2,GST
BSH-056510,DOOR SEAL BOSCH/SIMENS,C1,box,NA,999,999,2,GST
PR-NPCNRAD330981,DOOR SEAL FREEZER PANASONIC,C1,box,NA,30.8,46.2,2,GST
PR-NPCNRAD330972,Door Seal Fridge Panasonic,C1,box,NA,37.5,56.25,2,GST
BSH-00680768,DOOR SEAL SIMENS,C1,box,NA,999,999,2,GST
AR-C00033769,DOOR SEALS,C1,box,NA,20.86,44.54,2,GST
FP-521565P,DOOR SPRINGS,C1,box,NA,44.54,44.54,2,GST
PR-NPCNRAD335500,DOOR STOP FRIDGE PANASONIC,C1,box,NA,5.24,7.86,2,GST
DS-398206700,DOOR STRING BLANCO (PKT 2),C1,box,NA,44.54,44.54,2,GST
ED-651068742,DOOR STRINGS BLANCO (PKT 2),C1,box,NA,0,18.18,2,GST
QT-4933ED3002A,DOOR STRINGS LG (SINGLE),C1,box,NA,9,9.09,2,GST
SAM-DA34-10120E,DOOR SWITCH SAMSUNG,C1,box,NA,16,16.36,2,GST
SAM-DA34-10110E,DOOR SWITCH SAMSUNG FRIDGE,C1,box,NA,16,16.36,2,GST
SAM-DC97-0511A,DOORLATCH F/LOADER SAMSUNG,C1,box,NA,27,27.27,2,GST
AS-246650,"DRAIN HOSE, ASKO",C1,box,NA,,,2,GST
,,C1,box,NA,TRUE,ASKO APPLIANCES (AUST) PTY LTD,2,GST
DS-1673000900269,DRAIN HOSE,C1,box,NA,14.99,26.36,2,GST
END-1740160300,Drain Hose,C1,box,NA,22.5,34.54,2,GST
FP-522086,DRAIN HOSE,C1,box,NA,22.8,44.54,2,GST
FP-5227137,DRAIN HOSE,C1,box,NA,35.75,53.63,2,GST
QT-5214FR3188G,Drain Hose,C1,box,NA,11.5,26.36,2,GST
QT-AEM72912602,DRAIN HOSE,C1,box,NA,10.9,26.36,2,GST
SAM-DC64-00561D,DOOR HANDLE SILVER,C1,box,NA,26,26.36,2,GST
QT-HO12G6050032,DOOR MICROSWITCH,C1,box,NA,30,62.72,2,GST
SM-814490257,DOOR SWITCH,C1,box,NA,23.28,44.54,2,GST
QT-5215ED3001B,DRAIN HOSE,C1,box,NA,18.18,27.27,2,GST
QT-LGDW025,DRAIN HOSE,C1,box,NA,16,35.45,2,GST
SAM-DD01213A,DRAIN HOSE,C1,box,NA,15.9,35.45,2,GST
SE-W041,DRAIN HOSE,C1,box,NA,18.18,27.27,2,GST
AS-228293,ASKO DRAIN HOSE (no clamp),C1,box,NA,35.56,53.36,2,GST
SE-W040,DRAIN HOSE 2.5M,C1,box,NA,18.18,27.27,2,GST
DS-1740160300,DRAIN HOSE ASSY,C1,box,NA,9.41,26.36,2,GST
NS-0571400166,DRAIN HOSE DW  2.4M Electrolux,C1,box,NA,14.54,30,2,GST
STO-049878,Drain hose DW Electroluc Proffesional,C1,box,NA,36.64,54.96,2,GST
FP-H0120201481,Drain Hose Haier DW,C1,box,NA,16.62,24.94,2,GST
BW-673000900039,Drain Hose,C1,box,NA,23.18,34.77,2,GST
BSH-00611332,DRAIN PUMP,C1,box,NA,49.03,77.27,2,GST
GLO-144978,Drain Pump,C1,box,NA,79,109.09,2,GST
AS-269671,Drain Well,C1,box,NA,52.36,78.54,2,GST
NS-0238477064K,DRAWER WHEELS,C1,box,NA,44,44.54,2,GST
NS-0198300011,DRIVE BELT,C1,box,NA,12.72,26.36,2,GST
NS-1258288-107,Drive Belt Condensor Dryer,C1,box,NA,19,28.5,2,GST
ED-GN136914,Dryer Heating Element Assembly,C1,box,NA,98.36,158.18,2,GST
QT-5834ED2002,DRYING FAN,C1,box,NA,99,99,2,GST
GLO-55.19059.810,Dual Capillary Thermostat,C1,box,NA,61,117.27,2,GST
AR-00110333,DUAL INLET VALVE,C1,box,NA,26.32,44.54,2,GST
AR-C00110333,DUAL INLET VALVE,C1,box,NA,26.32,44.54,2,GST
ED-MA67006009,DUAL INLET VALVE,C1,box,NA,88.55,132.72,2,GST
NS-132441600,DUAL INLET VALVE,C1,box,NA,25.45,50.9,2,GST
QT-W001A,DUAL INLET VALVE,C1,box,NA,23,46.36,2,GST
NS-1526377161,DW LATCH DOOR LOCK,C1,box,NA,58.18,87.27,2,GST
AR-C00115012,EEPROM ARISTON,C1,box,NA,18.64,27.96,2,GST
GLO-50.57071.010,EGO SINGLE HOTPLATE CONTROL,C1,box,NA,29,62.72,2,GST
NS-0214002118,ELECTROLUX FAN MOTOR,C1,box,NA,59.39,89.09,2,GST
BWG-12868515,ELECTRONIC CONTROL,C1,box,NA,146.81,190.9,2,GST
DS-0122400009,ELEMENT,C1,box,NA,59.39,89.09,2,GST
GLO-062066004,ELEMENT,C1,box,NA,15,89.09,2,GST
GLO-74X2398,ELEMENT,C1,box,NA,15,109.09,2,GST
SE-DWV110,ELEMENT,C1,box,NA,41.81,62.72,2,GST
SE-DWV115,ELEMENT,C1,box,NA,41.81,62.72,2,GST
NS-0353300002,ELEMENT & THERMOSTAT ASSY,C1,box,NA,50,80.9,2,GST
NS-0122004420,ELEMENT 15OOW SMALL,C1,box,NA,31.81,62.72,2,GST
NS-0122004421,ELEMENT 2000W LARGE,C1,box,NA,35.45,71.18,2,GST
NS-374063622,ELEMENT CERAMIC RH FRONT,C1,box,NA,40.9,62.72,2,GST
GLO-4800338,"ELEMENT COIL 8\ 2050W""",C1,box,NA,18,62.72,2,GST
GLO-EF20.40985.010,ELEMENT FAN 2100W,C1,box,NA,98,98,2,GST
GLO-1011510,Element Fan Force,C1,box,NA,20,89.09,2,GST
GLO-20.40411.010,Element Fan Force,C1,box,NA,21.7,89.09,2,GST
GLO-GL081-02,ELEMENT FAN FORCE,C1,box,NA,33,98,2,GST
GLO-20.35141.000,Element fan force 2200W,C1,box,NA,16,80.91,2,GST
GLO-20.35142.000,ELEMENT LOWER,C1,box,NA,29,89.09,2,GST
GLO-81078,ELEMENT OVEN 1800W,C1,box,NA,24.6,62.72,2,GST
SE-WO35E,ELTEK INLET VALVE 16L/MIN,C1,box,NA,10,44.54,2,GST
SE-WV021V,ELTEK INLET VALVE 4L,C1,box,NA,8,44.54,2,GST
WV021V,ELTEK INLET VALVE 4L,C1,box,NA,8,44.54,2,GST
SE-WV020V,ELTEK INLET VALVE 7 L,C1,box,NA,9,44.54,2,GST
FP-521407,END CAP WHITE,C1,box,NA,22.72,22.72,2,GST
GLO-MS4-217,ENERGY REG (TS4-217c) 0534001642,C1,box,NA,29.4,44.54,2,GST
GLO-M32314,ENERGY REGULATOR,C1,box,NA,35.5,62.72,2,GST
GLO-MP101K,Energy Regulator,C1,box,NA,10,49,2,GST
HAP-601001006,ENERGY REGULATOR,C1,box,NA,47.33,71.81,2,GST
NS-M55314K (MS101),ENERGY REGULATOR,C1,box,NA,29,62.72,2,GST
SE-BT-404B EURO FIT BRUSHES 4MM THICK,EURO FIT BRUSHES 4MM THICK,C1,box,NA,15,69,2,GST
SE-T-404B,EURO FIT BRUSHES 4MM THICK,C1,box,NA,15,69,2,GST
SE-BT-404A EURO FIT BRUSHES 5MM THICK,Euro Fit Brushes 5mm thick,C1,box,NA,15,69,2,GST
SE-RFSM-998,EVAP FAN KIT UNIVERSAL,C1,box,NA,72.72,109.09,2,GST
BW-4389148,Evap Fan Mtr 2154976 Whirl,C1,box,NA,66.81,100.22,2,GST
BWG-61002107,EVAP MOTOR,C1,box,NA,135,208.18,2,GST
SE-FP001B],F & P 12V COLD/HOT VALVE 90 DEG,C1,box,NA,8.5,44.54,2,GST
GLO-A/458/34,FAN ELEMENT,C1,box,NA,27.6,89.09,2,GST
GLO-FE20.40985.010,FAN ELEMENT,C1,box,NA,25,89.09,2,GST
GLO-GL0101-01,FAN ELEMENT,C1,box,NA,59.39,89.09,2,GST
GLO-GLO101-01,FAN ELEMENT,C1,box,NA,30,89.09,2,GST
GLO-GLO11-01,FAN ELEMENT,C1,box,NA,22,89.09,2,GST
SE-W081,DRAIN HOSE FOR LG 24MM OUTLET 1 90DEEG,C1,box,NA,2.75,18.18,2,GST
QT-S215ED3001A,DRAIN HOSE SUMP,C1,box,NA,9.09,13.63,2,GST
SE-UNI204A,DRAIN PUMP BAYONET 3 TAB,C1,box,NA,84.84,127.27,2,GST
GLO-165261,DRAIN PUMP BOSCH,C1,box,NA,66.66,100,2,GST
SE-HO51,DRAIN PUMP ELECTRIXC HOOVER,C1,box,NA,72.72,109.09,2,GST
QT-EAU61383505,DRAIN PUMP LG,C1,box,NA,41.81,62.72,2,GST
QT-PMP230 ASKOLL,DRAIN PUMP MAGNETIC,C1,box,NA,41.81,62.72,2,GST
SE-SP083B,DRAIN PUMP SYNDRONIS,C1,box,NA,72.72,109.09,2,GST
BSH-439491,DRIVE BELT,C1,box,NA,41.81,62.72,2,GST
SAM-6602-001497,DRIVE BELT,C1,box,NA,29.69,44.54,2,GST
SE-M225,DRIVE BELT,C1,box,NA,12.12,18.18,2,GST
SE-MY131,DRIVE BELT,C1,box,NA,29.69,44.54,2,GST
SE-SP083,ELECTRIC DRAIN PUMP,C1,box,NA,59.39,89.09,2,GST
SE-SP080,ELECTRIC DRAIN PUMP NO FITTING,C1,box,NA,72.72,109.09,2,GST
AN-YL6133624,ELECTRONIC LED LIGHTING,C1,box,NA,110.25,0,2,GST
SE-RF172,"ELEMENT GLASS 12\ WHIRLPOOL/SAMSUNG""",C1,box,NA,59.39,89.09,2,GST
SE-GH-WRZ,ELEMENT GLASS UNI GE SBS,C1,box,NA,85.15,127.72,2,GST
SE-GH-WR3,ELEMENT GLASS UNI SBS GE,C1,box,NA,72.72,109.09,2,GST
GLO-GLO32-03,ELEMENT LOWER,C1,box,NA,44,78.5,2,GST
QT-880495,EVAP CHASSIS PANEL,C1,box,NA,62,62.72,2,GST
QT-883992,EVAP CHASSIS PANEL KIT,C1,box,NA,62,62.72,2,GST
QT-EAU60694507,EVAP FAN MOTOR,C1,box,NA,78.18,117.27,2,GST
SAM-DA31-10109G,EVAP FAN MOTOR,C1,box,NA,41.81,62.72,2,GST
SE-FP877730,EVAP FAN MOTOR,C1,box,NA,41.81,62.72,2,GST
QT-4680JK1002E,EVAP FAN MOTOR 3 WIRE,C1,box,NA,59.39,89.09,2,GST
QT-4680JB1019T,EVAP FAN MOTOR PCB,C1,box,NA,59.39,89.09,2,GST
QT-4681JB1031T,EVAP FAN MOTOR WITH RELAY,C1,box,NA,59.39,89.09,2,GST
SAM-DA96-00013Y,EVAPORATOR DEFROST ELEMENT ASSY,C1,box,NA,66.66,100,2,GST
PR-MSNFANMA019WRWO,FAN BLADE,C1,box,NA,7.52,15.45,2,GST
GLO-1976,FAN ELEMENT,C1,box,NA,25,62.72,2,GST
GLO-20.35050.030,FAN ELEMENT,C1,box,NA,25.5,89.09,2,GST
GLO-20.35149.000A,FAN ELEMENT,C1,box,NA,16,89.09,2,GST
GLO-20.35149.000B,FAN ELEMENT,C1,box,NA,16,89.09,2,GST
GLO-20.40655.000,FAN ELEMENT,C1,box,NA,24,89.09,2,GST
GLO-20.41105.000,FAN ELEMENT,C1,box,NA,25.5,89.09,2,GST
GLO-20.41212.000,FAN ELEMENT,C1,box,NA,21.81,62.72,2,GST
GLO-806890656,FAN ELEMENT,C1,box,NA,23,62.72,2,GST
QT-KMCK006,FAN ELEMENT,C1,box,NA,49,109.09,2,GST
GLO-806890593,FAN ELEMENT 1550W,C1,box,NA,40.2,89.09,2,GST
GLO-20.35168.000,FAN ELEMENT 1800W,C1,box,NA,41.81,62.72,2,GST
SE-SE101,FAN ELEMENT 2150W,C1,box,NA,41.81,62.72,2,GST
GLO-20.35149.000,FAN ELEMENT 22004 NO PLATE,C1,box,NA,41.81,62.72,2,GST
GLO-20.35130.000,FAN ELEMENT 2200W,C1,box,NA,29.69,44.54,2,GST
QT-E800B,FAN ELEMENT 2300W,C1,box,NA,59.39,89.09,2,GST
SE-05085,FAN ELEMENT 2300W 2 LOOP,C1,box,NA,60.6,90.9,2,GST
SE-SE165,FAN ELEMENT 2300W TRIPPLE LOOP,C1,box,NA,59.39,89.09,2,GST
GLO-20.4105.000,FAN ELEMENT 2400W,C1,box,NA,59.39,89.09,2,GST
SE-1976,FAN ELEMENT 2400W,C1,box,NA,59.39,89.09,2,GST
SE-SEI09,FAN ELEMENT 2400W,C1,box,NA,41.81,62.72,2,GST
ST-10252,FAN ELEMENT 2400W,C1,box,NA,98,98,2,GST
SE-EU011,FAN ELEMENT 2400W LONG NECK,C1,box,NA,59.39,89.09,2,GST
SE-EU012,FAN ELEMENT 2500W LONG NECK,C1,box,NA,59.39,89.09,2,GST
GLO-GLO21-02,FAN ELEMENT 2600W,C1,box,NA,32,89.09,2,GST
SM-80689065,FAN ELEMENT 2700W TRIPLE LOOP,C1,box,NA,59.39,89.09,2,GST
IL-A-458-34,Fan Element Ilve Oven,C1,box,NA,86.36,129.54,2,GST
GLO-GB120000,FAN ELEMNT,C1,box,NA,32.7,89.09,2,GST
GLO-EFC200158,FAN KIT,C1,box,NA,27.5,89.09,2,GST
NS-1436179,FAN MOTOR,C1,box,NA,59.39,89.09,2,GST
TEC-9008100,Fan motor (RHS),C1,box,NA,70.45,106.36,2,GST
NS-1434362,FAN MOTOR AC 6.7W 240V RJ212S,C1,box,NA,31.81,62.72,2,GST
GLO-EFC200157,FAN MOTOR KIT,C1,box,NA,59.39,89.09,2,GST
GLO-OA2010,FAN MOTOR KIT,C1,box,NA,31,89.09,2,GST
BWG-61001935,FAN/BLADE,C1,box,NA,15.45,26.36,2,GST
BSH-00439671,FASTENING RING,C1,box,NA,4.04,9.09,2,GST
NS-1170958209,FILL VALVE,C1,box,NA,31.81,53.63,2,GST
FP-420016P,Filter Connector Kit,C1,box,NA,7.8,13.63,2,GST
AN-X0000051,Filter Inline Water Kit,C1,box,NA,,,2,GST
,,C1,box,NA,TRUE,ANDI-CO,2,GST
QT-6201EC2002K,FILTER PCB RFI MODULE LG,C1,box,NA,21,42,2,GST
FP-374048P,FLAP HEATER,C1,box,NA,999,999,2,GST
SE-W072A,FLEXI HOSE OUTLET 1.8M ELBO DW GREY,C1,box,NA,6.25,26.36,2,GST
SE-WO73A,FLEXIABLE HOSE OUTLET 2.5M,C1,box,NA,7,26.36,2,GST
DS-I674006000003,Flow Meter,C1,box,NA,27.73,55.46,2,GST
DS-I674006100000,Flow Meter,C1,box,NA,19.26,38.52,2,GST
BWG-481010496682,FLOW METER/WEIR ASSY,C1,box,NA,71.81,108.18,2,GST
NS-0081203001,FRAME FILTER,C1,box,NA,13.63,25.45,2,GST
BSH-00366232,FRAME WINDOW,C1,box,NA,41.31,59.09,2,GST
FP-818780P,FREEZER DOOR HANDLE,C1,box,NA,46.88,70,2,GST
FP-818780P,FREEZER DOOR HANDLE,C1,box,NA,46.88,70,2,GST
QT-306095P,FREEZER FAN KIT,C1,box,NA,109,109.09,2,GST
SM-30151915900,FREEZER FAN MOTOR,C1,box,NA,30.25,89.09,2,GST
SM-530151915900,FREEZER FAN MOTOR,C1,box,NA,30.25,89.09,2,GST
BW-851682,FRIDGE bulb whirl 40W ES,C1,box,NA,16,21.81,2,GST
FP-818779P,FRIDGE DOOR HANDLE,C1,box,NA,59.54,89.09,2,GST
SM-763739853,FRONT PANEL,C1,box,NA,156.94,23.54,2,GST
FP-525010,FRONT PANEL PIN,C1,box,NA,2.33,5.25,2,GST
QT-22001920,Fuse,C1,box,NA,7.26,35.45,2,GST
ED-MA026,FUSE MAYTAG T/LOADER,C1,box,NA,26.36,26.36,2,GST
AS-200517,Gasket,C1,box,NA,,,2,GST
,,C1,box,NA,TRUE,ASKO APPLIANCES (AUST) PTY LTD,2,GST
GLO-361127,GASKET,C1,box,NA,89.09,89.09,2,GST
AS-200361,Gasket Pressure Switch,C1,box,NA,,,2,GST
,,C1,box,NA,TRUE,ASKO APPLIANCES (AUST) PTY LTD,2,GST
ED-WR51x10023,GE Defrost heater Harness Assy,C1,box,NA,133.38,200,2,GST
WR09X10050,GE Refrigerator Damper and Gasket Assy,C1,box,NA,110.21,171.81,2,GST
NS-0255003460,GLASS OVEN DOOR INNER,C1,box,NA,60,90,2,GST
ED-67003741,GLOBE DISPENSER,C1,box,NA,10.47,15.45,2,GST
QUAL-6912JB2004L,GLOBES,C1,box,NA,9.5,26.36,2,GST
ED-61003602,GLOBES FRIDGE,C1,box,NA,16.51,22.72,2,GST
IL-A/094/75,GRILL DOOR SEAL,C1,box,NA,21.6,35.45,2,GST
GLO-806890469,Grill Element,C1,box,NA,52.8,89.09,2,GST
GLO-VU82C000,GRILL ELEMENT,C1,box,NA,17,44.54,2,GST
TEC-PA210008002,Grill Element,C1,box,NA,55.4,89.09,2,GST
IL-A-458-38,Grill Element ILVE Oven,C1,box,NA,99,148.5,2,GST
TEC-B60100,Grill Element TECHNIKA SNG 10CM PLATE,C1,box,NA,57.2,85.8,2,GST
GLO-GLO12-01,Grill Element TECHNIKA SNG 10CM PLATE B60100,C1,box,NA,37,81.4,2,GST
SE-W072,FLEX HOSE OUTLET 1.8M 90D ELBO D/W BLK,C1,box,NA,7.1,26.36,2,GST
SE-W056,FLEX HOSE OUTLET INDESIT ARISTON 30MM,C1,box,NA,8,26.36,2,GST
SE-W073A,FLEXIBLE HOSE OUTLET 2.5M 90D ELBO,C1,box,NA,5.85,26.36,2,GST
END-104029,FLURO TUBE,C1,box,NA,28.26,44.54,2,GST
AR-FREIGHT,AR-FREIGHT,C1,box,NA,11.36,0,2,GST
AS-FREIGHT,AS-FREIGHT,C1,box,NA,13.7,0,2,GST
BWG-FREIGHT,BWG-FREIGHT,C1,box,NA,13.63,0,2,GST
CAM-FREIGHT,CAM-FREIGHT,C1,box,NA,22.72,22.72,2,GST
DS-FREIGHT,DS-FREIGHT,C1,box,NA,12,12,2,GST
END-Freight,END-Freight,C1,box,NA,13.64,13.64,2,GST
EN-FREIGHT,EN-FREIGHT,C1,box,NA,18.18,29,2,GST
FP-FREIGHT,FP-FREIGHT,C1,box,NA,13.63,0,2,GST
GAF-FREIGHT,GAF-FREIGHT,C1,box,NA,9.09,9.09,2,GST
GLO-FREIGHT,GLO-FREIGHT,C1,box,NA,15,15,2,GST
HAP-FREIGHT,HAP-FREIGHT,C1,box,NA,10.9,10.9,2,GST
NS-FREIGHT,NS-FREIGHT,C1,box,NA,13.63,69,2,GST
PR-FREIGHT,PR-FREIGHT,C1,box,NA,8.5,8.5,2,GST
QT-FREIGHT,QT-FREIGHT,C1,box,NA,6,6,2,GST
SAM-FREIGHT,SAM-FREIGHT,C1,box,NA,18.18,18.18,2,GST
SE-FREIGHT,SE-FREIGHT,C1,box,NA,20,20,2,GST
SM-FREIGHT,SM-FREIGHT,C1,box,NA,10.9,10.9,2,GST
TEC-FREIGHT,TEC-FREIGHT,C1,box,NA,18.18,18.18,2,GST
SAM FREIGHT,Freight Charges,C1,box,NA,18.18,18.18,2,GST
SAM-DC64-01602A,Gasket Door,C1,box,NA,49.59,80.9,2,GST
NS-132144611,GASKET DOOR ELECTROLUX,C1,box,NA,40,71.81,2,GST
END-104027,GEAR TRAPS,C1,box,NA,34.96,53.63,2,GST
QT-B017,GRI BELTS,C1,box,NA,12.12,18.18,2,GST
SAM-DA63-01701A,Grommett Water Fill,C1,box,NA,8.83,13.63,2,GST
BWG-205000,Guide & Spring Kit,C1,box,NA,39.09,59.09,2,GST
NS-205000,GUIDE AND SPRING KIT,C1,box,NA,39.09,65,2,GST
QT-4975ED2001B,GUIDE ASSY,C1,box,NA,999,999,2,GST
QT-3650EN3005A,HANDLE,C1,box,NA,29,29,2,GST
BSH-00436771,HANDLE ASSY BOSCH OVEN,C1,box,NA,163.79,212.92,2,GST
NS-147146400,Handle Door,C1,box,NA,16.36,32.72,2,GST
FP-522896,HANDLE FP DISHDRAWER 605,C1,box,NA,999,999,2,GST
SM-764730231,HANDLE LEVER,C1,box,NA,5.41,10.9,2,GST
FP-881391,HANDLE SUPPORT,C1,box,NA,1.31,2.72,2,GST
FP522536,HARNESS CHASSIS LOWER DD60,C1,box,NA,48.42,72.63,2,GST
FP-522537,HARNESS CHASSIS UPPER DD605,C1,box,NA,51.13,76.69,2,GST
QT-EAD48169125,harness multi LG,C1,box,NA,46.36,69.54,2,GST
BS-680319,Heat Exchanger Weir Chamber,C1,box,NA,121.03,181.55,2,GST
FP-821727P,HEATER DEFROST KIT,C1,box,NA,53.38,109.09,2,GST
QT-806890373,HEATER ELEMENT,C1,box,NA,89,89.09,2,GST
QT-5300JB1090B,HEATER SHEATH,C1,box,NA,98,98,2,GST
AS-251334,Heating Element,C1,box,NA,85.79,129.09,2,GST
NS-C059008X,HEATING ELEMENT,C1,box,NA,33.63,50.9,2,GST
SAM-DC47-00013B,HEATING ELEMENT,C1,box,NA,26.35,52.72,2,GST
NS-0122400012,HEATING ELEMENT INLINE,C1,box,NA,34.45,62.72,2,GST
GLO-50222913-00-1,Hinge Support Blanco,C1,box,NA,5.5,8.25,2,GST
BSH-00171269,HINGE WINDOW,C1,box,NA,15.29,26.36,2,GST
NS-305379325,HOB GLASS FRAME ASSY,C1,box,NA,210,302.5,2,GST
NS-1520645019,Holder Push Button,C1,box,NA,4.54,9.09,2,GST
AS-228042,HOSE CIRCULATION,C1,box,NA,9.55,14.54,2,GST
AS-700422,Hose Drain,C1,box,NA,36.06,54.09,2,GST
SAM-DC62-00217AL,HOT INLET VALVE,C1,box,NA,26.84,53.63,2,GST
GLO-EF12.14463.183,HOTPLATE 145 DIA 1500W/240V,C1,box,NA,25,80.9,2,GST
GLO-EF12.18463.183,Hotplate 180 DIA 2000W/240V,C1,box,NA,26.5,80.9,2,GST
EN-79X8186,HOTPLATE REAR (R),C1,box,NA,294.7,381.81,2,GST
QT-AEN34744301,HOUSING ASSEMBLY DETERGENT,C1,box,NA,7.7,15.4,2,GST
NS-1441920,HOUSING CONTROL ELECTRONIC BJ426,C1,box,NA,180,270,2,GST
BWG-67001964,ICE FLAP,C1,box,NA,15.45,30.9,2,GST
ED-WR62X10020,ICE FLAP SOLENOID,C1,box,NA,54.95,89.09,2,GST
BWG-W10190972,ICE MAKER,C1,box,NA,99.54,153.63,2,GST
QUAL-5989JA1002A,ICE MAKER,C1,box,NA,73.59,110.9,2,GST
SAM-DA97-00258K,Ice Maker Assembly,C1,box,NA,69.68,104.54,2,GST
AN-YL7433367,Ice Maker Tray plastic Leibher,C1,box,NA,,,2,GST
,,C1,box,NA,TRUE,ANDI-CO,2,GST
AN-YL9590335,Ice Tray/Ice Tray sensor Cover Kit,C1,box,NA,,,2,GST
,,C1,box,NA,TRUE,ANDI-CO,2,GST
NS-0197300040,IDLER PULLEY,C1,box,NA,21.81,35.45,2,GST
GLO-A/028/45,ILVE DOOR HINGE,C1,box,NA,29.5,62.72,2,GST
A29A,INDICATOR LIGHT LARGE 12MM,C1,box,NA,3.2,12.72,2,GST
GLO-A30A,INDICATOR LIGHT RED,C1,box,NA,3.2,12.72,2,GST
SE-SE29,INDICATOR RED 9000 12C,C1,box,NA,3.2,12.72,2,GST
GLO-A29,INDICATOR RED 9000 LIGHT,C1,box,NA,3.2,12.72,2,GST
DS-1746122024,INLAY & CONTROL PANEL,C1,box,NA,77.59,117.27,2,GST
NS-0571400031,INLET HOSE,C1,box,NA,13.63,30,2,GST
SE-W045,INLET HOSE,C1,box,NA,9.09,13.63,2,GST
QT-W045G,INLET HOSE 1.5M,C1,box,NA,9.09,13.63,2,GST
SE-W045A,INLET HOSE 2M,C1,box,NA,9.09,13.63,2,GST
NS-1448731,Inlet Valve,C1,box,NA,81.81,122.72,2,GST
SE-WV021VA,INLET VALVE,C1,box,NA,29.69,44.54,2,GST
SE-WV022V,INLET VALVE 180 DEG,C1,box,NA,41.81,62.72,2,GST
SE-WV023V,INLET VALVE 3.7L,C1,box,NA,10,44.54,2,GST
QT-5221EA2001A,INLET VALVE ASSY,C1,box,NA,41.81,62.72,2,GST
NS-132441612,INLET VALVE ASSY - SOLENOID VALVE 2-WAY/FLOWMETER Electrolux,C1,box,NA,31.81,54.54,2,GST
QT-5221ED1002C,INLET VALVE ASSY COLD,C1,box,NA,41.81,62.72,2,GST
QT-5220FR1280G,INLET VALVE ASSY HOT,C1,box,NA,41.81,62.72,2,GST
BSH-167025,INLET VALVE BOSCH,C1,box,NA,41.81,62.72,2,GST
GAF AWM800 WATER VALVE COLD,INLET VALVE COLD,C1,box,NA,40.9,61.81,2,GST
SAM-DD81-01211A,Inlet Valve Hose Assembly,C1,box,NA,60.23,120,2,GST
GAF-AWM800 WATER VALVE HOT,INLET VALVE HOT,C1,box,NA,40.9,61.81,2,GST
FP-421175P,INLET VALVE QUAD,C1,box,NA,87.5,135.44,2,GST
BSH-168653,INLET VALVE SINGLE,C1,box,NA,53.93,80.9,2,GST
SAM-DC62-00217K,INLET VALVE SINGLE,C1,box,NA,41.81,62.72,2,GST
SM-693050122,INLET VALVE SINGLE,C1,box,NA,41.81,62.72,2,GST
BSH-00478073,INNER DOOR,C1,box,NA,294.29,420,2,GST
NS-0038001873,INNER DOOR ASSY INC HINGES,C1,box,NA,92.72,162.72,2,GST
NS-0038001859,INNER DOOR WITH HINGES,C1,box,NA,60,102,2,GST
AR-C00085194,INTERLOCK ARISTON,C1,box,NA,19.14,28.71,2,GST
SE-UNI093,INTERLOCK DOOR,C1,box,NA,62,62.72,2,GST
SAM-DC64-00653A,INTERLOCK F/LOADER SAMSUNG,C1,box,NA,44,44.54,2,GST
SE-UNI102,INTERLOCK SAMSUNG,C1,box,NA,62,62,2,GST
QT-6912JB2004E] Internal Light,Internal Light,C1,box,NA,22,89.09,2,GST
SE-FP502220A,KIT LEVER OUT OF BALANCE,C1,box,NA,9.09,13.63,2,GST
ED-32X1853,KLEENMAID DISHWASHER DOOR STRINGS 2 PACK,C1,box,NA,21.32,40.9,2,GST
GLO-BU-KN KIT BLACK,KNOB CONTROL UNIVERSAL BLACK,C1,box,NA,5,13.63,2,GST
GLO-WU-KN KIT BLACK,KNOB CONTROL UNIVERSAL BLACK,C1,box,NA,5,13.63,2,GST
GLO-WU-KN KIT,KNOB CONTROL UNIVERSAL WHITE,C1,box,NA,5,13.63,2,GST
FP-522006,HARNES AND FAN ASSY,C1,box,NA,47.87,71.81,2,GST
NS-1441000,HEATER DEFROST ELEMENT,C1,box,NA,30,98,2,GST
ED-WR51X10021,HEATER HARNESS DEFROST ASSY,C1,box,NA,133.33,200,2,GST
ED-WR13X10020,HINGE & CAM RISER BOTTOM REFRIGERATOR,C1,box,NA,43.28,95.16,2,GST
AS-252018,HOSE CLIP,C1,box,NA,9.55,29.09,2,GST
SE-W046,HOSE INLET 2.5M GREY PALSTIC HOT/COLD,C1,box,NA,6.6,20,2,GST
INK-QI-H60BXL,HP REMANUFACTURED CC641WN BLACK XL 12ML,C1,box,NA,8,8,2,GST
INK-QI-H60CXL,HP REMANUFACTURED CC644WN-COLOUR XL 11ML,C1,box,NA,4,4,2,GST
SAM-DA98-00258K,ICE MAKER (8 PIN),C1,box,NA,56.62,0,2,GST
GLO-424099,Impellar Bosch,C1,box,NA,22,49,2,GST
QT-W123,INLET HOSE 1.2M,C1,box,NA,9.09,13.63,2,GST
PR-672030099107,INLET HOSE ASSY,C1,box,NA,49.21,77.27,2,GST
QT-VAL03,INLET VALVE DUAL 180DEG,C1,box,NA,29.69,44.54,2,GST
SE-W035,INLET VALVE SINGLE 90DEG,C1,box,NA,29.69,44.54,2,GST
QT-W025W,INLET VALVE SINGLW,C1,box,NA,41.81,62.72,2,GST
AN-YS9666306400,INNER GLASS,C1,box,NA,999,999,2,GST
FP-460547P,JOCKEY PULLEY,C1,box,NA,12.12,18.18,2,GST
SE-BT-405,KIT BRUSH UNIVERSAL,C1,box,NA,80,80.9,2,GST
SE-BT-416,KIT BRUSH UNIVERSAL,C1,box,NA,80,80.9,2,GST
ED-KS35517,KLEENMAID SPEED QUEEN WASHING MACHINE DRIVE BELT,C1,box,NA,21.95,56.36,2,GST
GLO-FV11A000,Large Coil Element 0122004334,C1,box,NA,23.5,44.54,2,GST
BSH-00173251,LATCH,C1,box,NA,11.69,22.72,2,GST
PR-NPCNRAE136513,LATCH DOOR FRIDGE PANASONIC,C1,box,NA,4.62,6.93,2,GST
FP-521810,LATCH KIT BLACK,C1,box,NA,44.54,44.54,2,GST
BWG-22004238,LCD CONSOLE/MEMBRANE,C1,box,NA,281.81,366.36,2,GST
AN-YT482057,LENS,C1,box,NA,3.28,8.18,2,GST
FP-521556,LENSE KIT,C1,box,NA,9.09,9.09,2,GST
QT-EBR35457004,LG Dishwasher Display PCB,C1,box,NA,48,74.55,2,GST
QT-LGF032,LG Frontloader Door retainer front,C1,box,NA,3.8,9.09,2,GST
NS-ES6056,LID LOCK DAUGHTER BOARD,C1,box,NA,59.39,89.09,2,GST
QT-ES8084,LID SWITCH NEW STYLE,C1,box,NA,41.81,62.72,2,GST
FP-420429,LIDLOCK & HARNESS ASSY,C1,box,NA,59.39,89.09,2,GST
GLO-E14-15W,LIGHT BULB 15W,C1,box,NA,2.5,9.09,2,GST
GLO-E514-15W,LIGHT BULB 15W,C1,box,NA,2.5,13.63,2,GST
GLO-E14-25W,LIGHT BULB 25W,C1,box,NA,2.5,9.09,2,GST
GLO-E514,LIGHT BULB 25W,C1,box,NA,2.5,13.63,2,GST
ED-67004433,LIGHT COVER FREEZER,C1,box,NA,13.43,26.36,2,GST
FP-528437,LINK SUPPORT KIT,C1,box,NA,35.75,53.63,2,GST
GLO212622,"GLO212622, Lower Bake Element",C1,box,NA,125,187.5,2,GST
GLO-482290,"GLO-482290, LOWER BAKE ELEMENT",C1,box,NA,41.5,89.09,2,GST
GLO-VF61D000,"GLO-VF61D000, LOWER BAKE ELEMENT",C1,box,NA,26.36,62.72,2,GST
PRO32622-1,"PRO32622-1, Lower Bake Element",C1,box,NA,58.99,89.09,2,GST
PRO-IM102-01,"PRO-IM102-01, Lower Bake Element",C1,box,NA,89.26,131.81,2,GST
GLO-10110496,LOWER ELEMENT,C1,box,NA,68.4,89.09,2,GST
GLO-GLO52-01,LOWER ELEMENT,C1,box,NA,54.95,89.09,2,GST
ED-GN616021,Lower element pearled,C1,box,NA,42.5,89.09,2,GST
BSH-00797518,MAIN CONTROL BOARD,C1,box,NA,63.89,100,2,GST
FP-421232NAP,MAIN CONTROL BOARD,C1,box,NA,118.13,162.27,2,GST
FP-838196P,Main Control Board,C1,box,NA,105.67,159.09,2,GST
PRO-303203100988,Main Control Board Assembly,C1,box,NA,112.2,169.09,2,GST
QT-4681EN1010D,Main Motor,C1,box,NA,140,210,2,GST
BWG-W10527555,"BWG-W10527555, MAIN PCB",C1,box,NA,82.72,126.36,2,GST
DS-1899390705,"DS-1899390705, MAIN PCB",C1,box,NA,122.4,182.72,2,GST
EN-70X0023,"EN-70X0023, MAIN PCB",C1,box,NA,173.79,262.72,2,GST
SAM-DA41-00099C,"SAM-DA41-00099C, Main PCB",C1,box,NA,50.45,89.09,2,GST
SAM-DA41-00205A,"SAM-DA41-00205A, MAIN PCB",C1,box,NA,75.58,153.63,2,GST
QT-EBR35455701,MAIN PCB ASSY,C1,box,NA,109,109.09,2,GST
SAM-DD82-01040A,MAIN PCB ASSY,C1,box,NA,88.07,180.9,2,GST
TEC-674001000480,MAIN PCB ASSY,C1,box,NA,49.12,74.54,2,GST
QT-EBR49014303,MAIN PCB LG,C1,box,NA,136,204,2,GST
GLO-040899009927R,MAIN SELECTOR SWITCH,C1,box,NA,73.5,110.9,2,GST
FP-792475,Main/Display PCB ASSY FP DW,C1,box,NA,70,105.45,2,GST
FP-525958MP,MAINS FILTER,C1,box,NA,36,71.81,2,GST
FP-523253,MAINS POWER FILTER,C1,box,NA,66.66,100,2,GST
BWG-4396395,Maytag Fridge Water Filter,C1,box,NA,70.45,89.09,2,GST
FP-H012G6050032,MICROSWITCH DOOR,C1,box,NA,26,26.36,2,GST
QT-690181A0011C,MICROWAVE FUSE ASSY (LG),C1,box,NA,10,26.2,2,GST
QT-6170W1D056M,MICROWAVE TRANSFORMER (LG),C1,box,NA,25,62.72,2,GST
FP-814534P,MOD CONTROLLER,C1,box,NA,180,180.9,2,GST
AR-C00145013,Module Front Loader Ariston,C1,box,NA,156.86,203.91,2,GST
NS-0628271101,MOTOR CONTROL UNIT,C1,box,NA,72.72,109.09,2,GST
ED-WR60X10074,MOTOR EVAP FAN WITH SENSOR,C1,box,NA,999,999,2,GST
NS-1453263,MOTOR FAN EVAP 5W ROHS,C1,box,NA,31.81,62.72,2,GST
ED-74x1146,MOTOR FAN KLEENMAID,C1,box,NA,89.26,169.16,2,GST
GLO-0214002118,MOTOR FAN OVEN,C1,box,NA,36,89.09,2,GST
FP-524185P,MOTOR ROTOR,C1,box,NA,72.72,109.09,2,GST
FP-528136P,MOTOR ROTOR,C1,box,NA,59.39,89.09,2,GST
GLO-MSA-R79C,MSA-312 single infinite control switch 6mm D Shaft. Simmerstat mounted with two screws 15Amp,C1,box,NA,29,69,2,GST
GLO-811730142,MULTI FUNCTION SWITCH,C1,box,NA,42.8,89.09,2,GST
GLO-811730261,MULTI FUNCTION SWITCH,C1,box,NA,99,99,2,GST
GLO-C00074281,MULTI FUNCTION SWITCH,C1,box,NA,43.13,71.81,2,GST
IL-A-034-08,Multi function Switch ILVE oven,C1,box,NA,84.6,126.9,2,GST
GLO-EF42.09000.014,MULTI SWITCH,C1,box,NA,34.32,80.9,2,GST
SAM-1270J5,MULTI V BELT,C1,box,NA,49,49,2,GST
ED-5950919,MWF GFW Uni Water filter internal,C1,box,NA,55.89,111.78,2,GST
AN-YT482326,NEON,C1,box,NA,22.76,35.45,2,GST
ED-1090069,NEPTUNE REPAIR KIT PCB & MOTOR,C1,box,NA,324.8,607.27,2,GST
BSH-00611331,NON RETURN VALVE,C1,box,NA,7.19,13.63,2,GST
AS-200312,Nut Sump,C1,box,NA,,,2,GST
,,C1,box,NA,TRUE,ASKO APPLIANCES (AUST) PTY LTD,2,GST
NS0534200178,On off Switch,C1,box,NA,10,20,2,GST
NS-1170207-01/1,ON/OFF BUTTON WHITE,C1,box,NA,4.54,9.09,2,GST
[NS-0534300050] ON/OFF SWITCH,ON/OFF SWITCH,C1,box,NA,13.63,27.27,2,GST
NS-1111433-60/1,On/Off Switch,C1,box,NA,18.18,40,2,GST
TEC-674000300045,ON/OFF SWITCH,C1,box,NA,6.1,12.72,2,GST
EU-A/106/20,Orange Pilot Light (small),C1,box,NA,9,20,2,GST
AS-246775,O'Ring,C1,box,NA,9.55,14.33,2,GST
FP-574867P,Outer Glass Door,C1,box,NA,83.76,126.36,2,GST
MT-SANT1769069500,OUTER GLASS DOOR,C1,box,NA,235,308.18,2,GST
SE-W063B,OUTLET HOSE 2.5/3M,C1,box,NA,6.6,26.36,2,GST
BSH-00472696,OUTTA DOOR GLASS BOSCH,C1,box,NA,373.49,485.53,2,GST
BS-00472696,Outter Door Glass Bosch Oven,C1,box,NA,373.49,485.53,2,GST
PR-AIM521260000095,OVEN DOOR HINGE,C1,box,NA,51.5,77.27,2,GST
FP-528112,LID ACHATOR KIT TOP DD FP,C1,box,NA,59.39,89.09,2,GST
FP-528113,LID ACLUATOR KIT BOTTOM,C1,box,NA,59.39,89.09,2,GST
FP-522085,LID ACLUATOR TOP NO WIRE,C1,box,NA,53.93,80.9,2,GST
QT-ES671,LID SWITCH,C1,box,NA,41.81,62.72,2,GST
CAM-18-TE-1930-0,M16878/4-BHE-0-BLACK NEMA HP3,C1,box,NA,165,4.54,2,GST
CAM-18-TE-1930-2,M16878/4-BHE-2 RED NEMA HP3,C1,box,NA,165,4.54,2,GST
SE-35-2279,MAYTAG BELT,C1,box,NA,23.5,44.54,2,GST
SE-136922006,MAYTAG PUMP NEW PULLY,C1,box,NA,39,109.09,2,GST
NS1448988,MECHANICAL CONTROL THERMOSTAT,C1,box,NA,30,92.72,2,GST
NS-RFN003,MOTOR ASSY FAN,C1,box,NA,59.39,89.09,2,GST
QT-420690NZP,MOTOR CONTROL MODULE,C1,box,NA,120.6,180.9,2,GST
QT-426974NZP,MOTOR CONTROL MODULE,C1,box,NA,120.6,180.9,2,GST
QT-820817P,MOTOR CONTROL MODULE,C1,box,NA,102.42,153.63,2,GST
QT-LP337HD,MOTOR COUPLER,C1,box,NA,41.81,62.72,2,GST
QT-WP003L,MOTOR COUPLER,C1,box,NA,41.81,62.72,2,GST
NS - 242031606,MOTOR FAN & SHRD CON ASSY,C1,box,NA,95.45,130.32,2,GST
ED-MA22003856,Motor Variable Speed,C1,box,NA,178,267,2,GST
EU-A/080/11,Orange Light Cover (small),C1,box,NA,5.23,10,2,GST
HAP-255100045,OVEN DOOR SEAL,C1,box,NA,14.63,35.45,2,GST
IL-A/094/69,OVEN DOOR SEAL 4 SIDED,C1,box,NA,27.9,44.54,2,GST
GLO-EFC200153,OVEN FAN MOTOR,C1,box,NA,26,89.09,2,GST
GLO-EFC200157   (9683),OVEN FAN MOTOR KIT,C1,box,NA,28.2,89.09,2,GST
GLO-795210620,Oven fan Motor Smeg,C1,box,NA,59,98,2,GST
SM-754131050,OVEN GASKET,C1,box,NA,27.66,44.54,2,GST
DS-066123,OVERHEAT THERMOSTAT 160 DEG,C1,box,NA,13.71,23.63,2,GST
ED-WR55X10063,PCB,C1,box,NA,153.08,230,2,GST
NS-MFS-J845-02,PCB ASSY,C1,box,NA,999,999,2,GST
NS-973911515039003,PCB COMPLETE,C1,box,NA,80,126.36,2,GST
NS-973911915303003,PCB CONFIGURED (EDW1100),C1,box,NA,180,180,2,GST
ED-12784417,PCB DISPLAY BOARD,C1,box,NA,197.23,299.08,2,GST
SAM-DA41-00206B,PCB PANEL,C1,box,NA,35.46,71.81,2,GST
NS-1450206,PEDESTAL HANDLE SS,C1,box,NA,10,15.45,2,GST
NS-1443893,PEDESTAL HANDLE WHITE RS662V,C1,box,NA,7.27,10.9,2,GST
NS-50518,PIEZO IGNITER,C1,box,NA,16.36,29,2,GST
QT-6411FD1097M,POWER CORD,C1,box,NA,18.18,35.45,2,GST
ED-2452087,POWER RELAY,C1,box,NA,15,80.9,2,GST
SM-816210372,"SM-816210372, Pressure Switch",C1,box,NA,32.19,49.09,2,GST
SM-758972562,Pressure Tube,C1,box,NA,6.04,11.81,2,GST
AR-C00264221,Program select knob white,C1,box,NA,5.57,11.14,2,GST
DS-AS0000144,Programme Knob (set 3),C1,box,NA,15.36,26.36,2,GST
GLO-AS0000144,Programme Knobs (ea) 3,C1,box,NA,14.6,21.9,2,GST
NS-1250125-20/8,Pulley Dryer Electrolux 1250125-20/8,C1,box,NA,9.25,13.87,2,GST
QT-MG004S,PUMP ASSY MAYTAG,C1,box,NA,35,89.09,2,GST
SE-UNI209C,PUMP PLASET,C1,box,NA,69,69,2,GST
QT-FP005,PUMP SMART DRIVE,C1,box,NA,29,62.72,2,GST
SE-UNI087H,PUMP SYNCH UNIVERSAL DPS 25-031,C1,box,NA,19.89,62.72,2,GST
NS-0214477037,PUMP WASH MOTOR,C1,box,NA,85.45,128.18,2,GST
QT-790933,REAR RAIL CLIPS,C1,box,NA,3.1,9.09,2,GST
FP-315090P,Rear wheel assy FP Fridge,C1,box,NA,11.93,17.89,2,GST
FP-521787,RECESS LATCH WHITE,C1,box,NA,18.18,18.18,2,GST
FP-420514P,RECIRCULATION HOSE ASSY,C1,box,NA,12.57,26.36,2,GST
SE-FP002,REED SWITCH,C1,box,NA,17.57,26.36,2,GST
ED-W10503278,REFRIGERATOR ELECTRONIC DISPLAY BOARD,C1,box,NA,185,277.5,2,GST
GLO-41.32923.001,REGULATOR BLANCO SINGLE COOKTOP,C1,box,NA,99,99,2,GST
SE-R012,RELAY OVERLOAD,C1,box,NA,26,26.36,2,GST
SE-RF132N,RELAY OVERLOAD,C1,box,NA,44,44.54,2,GST
END-811650197,Relay PCB,C1,box,NA,140.8,210.9,2,GST
EU-A/438/02,Resistance Support,C1,box,NA,17.1,29,2,GST
FP-527787P,RFI BOTTOM PCB FP DD605,C1,box,NA,43.84,65.76,2,GST
BSH-00432073,RING,C1,box,NA,35.99,59.09,2,GST
QT-4413ER1001D,ROTOR ASSY,C1,box,NA,42,63,2,GST
FP-420776P,ROTOR SENSOR,C1,box,NA,999,999,2,GST
FP-420296P,RPS SENSOR,C1,box,NA,59.39,89.09,2,GST
AN-YS9686377500,RUBBER STRIPS,C1,box,NA,,,2,GST
,,C1,box,NA,TRUE,ANDI-CO,2,GST
BWG-2201147,RUN CAPACITOR,C1,box,NA,20.9,38.18,2,GST
GLO-NC170,SAFETY CUT OUT 170,C1,box,NA,12,26.36,2,GST
GLO-T503-55,SAFETY SWITCH,C1,box,NA,69,69,2,GST
GLO-T503-60,SAFETY SWITCH,C1,box,NA,69,69,2,GST
SM-764972531,SELECTION KNOB,C1,box,NA,10.96,21.81,2,GST
FP-574600,SELECTOR SWITCH,C1,box,NA,30.78,53.63,2,GST
GLO-0534001715,Selector Switch,C1,box,NA,19.2,41.81,2,GST
GLO-811730125,SELECTOR SWITCH,C1,box,NA,39,80.9,2,GST
PRO-602031,SELECTOR SWITCH,C1,box,NA,66,99.09,2,GST
NS-534001695,SELECTOR SWITCH 4 POSITION,C1,box,NA,99,99,2,GST
TEC-PA210032007,Selector Switch 8 Position,C1,box,NA,36.32,71.81,2,GST
AS-200408,Sensing Device,C1,box,NA,17.57,26.37,2,GST
FP-424348P,SENSOR,C1,box,NA,999,999,2,GST
SAM-DA32-10105V,SENSOR,C1,box,NA,35,35.45,2,GST
AS-200518,Sensor Aqua,C1,box,NA,,,2,GST
,,C1,box,NA,TRUE,ASKO APPLIANCES (AUST) PTY LTD,2,GST
QT-6501EA2001A,Sensor ASSEM LG,C1,box,NA,12,24,2,GST
QT-6501EA2001B,Sensor ASSEM LG,C1,box,NA,23,46,2,GST
QT-6501KW2001A,SENSOR ASSY,C1,box,NA,41.81,62.72,2,GST
FP-321107,SENSOR ICEMAKER,C1,box,NA,27,27.27,2,GST
AS-8073839,Sensor Pressure,C1,box,NA,86.31,129.09,2,GST
SE-156A,SHAFT EXT LARGE,C1,box,NA,2.5,10,2,GST
SE-SE156B,SHAFT EXTENSION SHORT,C1,box,NA,5,18.18,2,GST
GLO-M82314,SIMMERSTAT,C1,box,NA,28.2,82.72,2,GST
GLO-MP101,SIMMERSTAT,C1,box,NA,11,44.54,2,GST
NS-0534001695,SIMMERSTAT DUAL CONTROL,C1,box,NA,98,98,2,GST
SE-BT-405],SIMPSON BRUSH KITS- SUITS WPOOL & LG,C1,box,NA,22,52.72,2,GST
GLO-50.57021.010,Single Cooktop Control,C1,box,NA,28,62.72,2,GST
FP-529091,SLIDE & BRACKET ASSY RH,C1,box,NA,108,108.18,2,GST
FP-529090,SLIDE & BRACKET LHS ASSY,C1,box,NA,56.68,108.18,2,GST
SM-754130519,SMEG DOOR SEAL 4 SIDE,C1,box,NA,99,99,2,GST
SM-931330461,SMEG OVEN DOOR HINGES,C1,box,NA,15.77,44.54,2,GST
SM-814490216,SMEG OVEN DOOR SWITCH,C1,box,NA,26.61,62.72,2,GST
QT-E2900,OVEN ELEMENT,C1,box,NA,98,98,2,GST
NS-56158,OVEN FAN MOTOR SUITS CHEF,C1,box,NA,43.63,72.72,2,GST
GLO-EF55.17059.210,Oven thermostat,C1,box,NA,39.64,62.72,2,GST
DS-133308001,OVERHEAT KILXON,C1,box,NA,3.22,999,2,GST
SAM-DA97-05247S,PANEL KIT S/S,C1,box,NA,72.72,109.09,2,GST
SAM-DA97-05290Q,PANEL KIT S/S,C1,box,NA,72.72,109.09,2,GST
FP-821183P,PC FAN ASSY,C1,box,NA,72.72,109.09,2,GST
FP-884518P,PC FAN ASSY,C1,box,NA,66.66,100,2,GST
SE-RF372,PIPE INSULATION 1/4 INCH,C1,box,NA,6.06,9.09,2,GST
QT-PMP229,PLASET PUMP BAYONET FIT,C1,box,NA,18,62.72,2,GST
AN-YL6133694,POWER & OPERATING PCB ASSM,C1,box,NA,153.25,0,2,GST
PRO FREIGHT,Pronto Freight,C1,box,NA,10,10,2,GST
QT-PMP088,PUMP SYNCARONOUS,C1,box,NA,41.81,62.72,2,GST
QT-PMP230ASKOLL,PUMP SYNCONOUS ASKOLL,C1,box,NA,21,62.72,2,GST
QT-PMP088P,PUMP SYNCRONOUS 3 LUGS BASE 34 WATTS,C1,box,NA,18,62.72,2,GST
END-104243,Rangehood Control PCB,C1,box,NA,70.92,107.27,2,GST
AN-YFAGR03383,Rangehood Motor Assy,C1,box,NA,194.93,262.72,2,GST
SE-RF015B,RELAY OVERLOAD UNIVERSAL,C1,box,NA,62,62.72,2,GST
RS-2452087,RELAY POWER230VAC,C1,box,NA,27.9,62.72,2,GST
TEC-PA210032008,SELECTOR SWITCH,C1,box,NA,36.32,71.81,2,GST
AN-YL9590142,SENSOR UNIVERSAL (4.7 OHMS),C1,box,NA,56.49,81.82,2,GST
TEC-FREIGHT,FREIGHT,C1,box,NA,18.18,18.18,2,GST
ED-21002026,SNUBBER RING,C1,box,NA,999,999,2,GST
DS-1718601000,SOAP DISPENSER,C1,box,NA,72,107.27,2,GST
QT-E1000,SOCKET,C1,box,NA,999,999,2,GST
BSH-00420735,SPACERS OVEN DOOR GLASS,C1,box,NA,4.04,8.08,2,GST
FP-521055,SPRAY ARM RETAINER,C1,box,NA,4.54,4.54,2,GST
SM-895090422,SPRING INTEGRATED FRONT PANEL,C1,box,NA,3.66,8.18,2,GST
GLO-821152,St George Lower Bake Element,C1,box,NA,62.2,93.63,2,GST
STAR-W064,STAINLESS STEEL HOSE 2M & ELBOW,C1,box,NA,12,26.36,2,GST
BWG-2312007,Start Device,C1,box,NA,42.72,62.72,2,GST
BSH-00418733,START SWITCH,C1,box,NA,15.29,35.45,2,GST
QT-4417EA1002G,STATOR ASSY,C1,box,NA,97,145.5,2,GST
BWG-61005886,STRIKE CENTRE,C1,box,NA,13.18,26.36,2,GST
SE-UNI254,SUPPORT BUSH & SPIGOT KIT,C1,box,NA,17.57,26.36,2,GST
ED-12603701,SUPPORT CRISP FRAME,C1,box,NA,9.36,16.36,2,GST
NS-1526204-02/7,Suppressor Interference,C1,box,NA,17.27,26.36,2,GST
SAM-DA61-70253A,SUPT-ICE,C1,box,NA,11.63,17.45,2,GST
QT - 421127P,Suspension Rod Kit,C1,box,NA,67,109.09,2,GST
QT-421127P,Suspension Rod Kit,C1,box,NA,72.72,109.09,2,GST
NS-119155400K,SUSPENSION RODS (4PK) SIMPSON,C1,box,NA,41.81,68.18,2,GST
QT-420952P,Suspension Rods (pk 4),C1,box,NA,67.5,109.09,2,GST
FP-420952P,Suspension Rods (pk4),C1,box,NA,65.61,109.09,2,GST
GLO-46431,SWAN SELECTOR SWITCH,C1,box,NA,19,49,2,GST
GLO-55869,SWAN SELECTOR SWITCH,C1,box,NA,14,49.09,2,GST
SE-EF21,SWITCH,C1,box,NA,10,62.72,2,GST
SE-EF23,SWITCH,C1,box,NA,10,44.54,2,GST
SE-MSV-700,SWITCH,C1,box,NA,98,98,2,GST
QT-6500FD1154C,SWITCH ASSY PRESSURE,C1,box,NA,38,38.18,2,GST
QT-6601ER1005A,SWITCH DOOR ASSY F/LOADER LG,C1,box,NA,44,44.54,2,GST
SE-RF060,SWITCH DOOR WPOOL,C1,box,NA,18,18.18,2,GST
GLO-M3V700 (MP104),SWITCH INF HEAT KIT,C1,box,NA,10,53.63,2,GST
GLO-610147,SWITCH INTERLOCK DOOR F/LOADER BOSCH,C1,box,NA,53,53.63,2,GST
GLO-42.08000.009,SWITCH M/FUNCTION 8 POS 0534001653,C1,box,NA,16.2,40,2,GST
EGO-A/034/09,SWITCH MULTI FUNCTION,C1,box,NA,54,109.09,2,GST
SE-DWS001,SWITCH ON/OFF,C1,box,NA,26,26.36,2,GST
609400031,"0609400031, SWITCH ON/OFF & BRKT ASSY",C1,box,NA,11,29,2,GST
SE-609400031,SWITCH ON/OFF & BRKT ASSY,C1,box,NA,11,26.36,2,GST
SE-DWS001 (609400031),SWITCH ON/OFF & BRKT ASSY,C1,box,NA,11,29,2,GST
QT-0609400031,SWITCH ON/OFF DISHLEX WESTINGHOUSE,C1,box,NA,10,26.36,2,GST
GLO-534-1-633,SWITCH ROTARY 4 POSITION,C1,box,NA,44,44.54,2,GST
QT-6600JB2005A,SWITXH DOOR LG,C1,box,NA,18,18.18,2,GST
TEC-1170000004,Technika Dual Grill 16cm plate,C1,box,NA,59.88,89.82,2,GST
GLO-GLO13-01,Technika Dual Grill 16cm plate 1170000004,C1,box,NA,44,88,2,GST
TEC-B60119,Technika Dual grill Element 10cm plate,C1,box,NA,86.89,130.33,2,GST
GLO-GLO83-02,Technika Dual grill Element 10cm plate B60119,C1,box,NA,57.5,115,2,GST
TEC-1170000010,Technika SNG Grill element 16cm plate,C1,box,NA,40.86,89.09,2,GST
GLO-GLO12-04,Technika SNG Grill element 16cm plate 1170000010,C1,box,NA,48.8,97.6,2,GST
SE-RF159,THERMAL CUT OUT,C1,box,NA,26,26.36,2,GST
NS-1448618,THERMAL FUSE,C1,box,NA,29,39,2,GST
FP-H012G6010009,THERMAL LIMITER,C1,box,NA,62,62.72,2,GST
PR-MSFHHZA105WREZ,THERMISITOR,C1,box,NA,38.9,59.09,2,GST
QT-6322FR2046Z,THERMISTOR LG,C1,box,NA,9,18,2,GST
AN-XT481914,THERMOSTAT,C1,box,NA,57.14,89.09,2,GST
DS-041099009901R,THERMOSTAT,C1,box,NA,89.2,121.63,2,GST
GLO-0541001931,Thermostat,C1,box,NA,25.85,53.63,2,GST
GLO-55.17052.040,THERMOSTAT,C1,box,NA,39.29,80.9,2,GST
GLO-55.17059.180,THERMOSTAT,C1,box,NA,23.44,62.72,2,GST
GLO-55.17063,THERMOSTAT,C1,box,NA,25.85,80.9,2,GST
GLO-55.17063.040,THERMOSTAT,C1,box,NA,25.85,80.9,2,GST
GLO-EFG201,THERMOSTAT,C1,box,NA,40,89.09,2,GST
NS-49745,THERMOSTAT,C1,box,NA,65.45,98.18,2,GST
TEC-PA210036002,THERMOSTAT,C1,box,NA,33.79,62.72,2,GST
NS-500641,THERMOSTAT CONTROL,C1,box,NA,99,99,2,GST
AN-YT404902,THERMOSTAT CONTROL KNOB,C1,box,NA,24.1,40.9,2,GST
SE-LVS5,THERMOSTAT FREEZER,C1,box,NA,41.81,62.72,2,GST
SE-RF165,THERMOSTAT FREEZER,C1,box,NA,41.81,62.72,2,GST
SE-VF3,THERMOSTAT FREEZER,C1,box,NA,41.81,62.72,2,GST
SE-VT9,THERMOSTAT FRIDGE,C1,box,NA,41.81,62.72,2,GST
GLO-T503/145,THERMOSTAT OVERHEAT,C1,box,NA,26,26.36,2,GST
GLO-D103,THERMOSTAT OVERHEAT 100 DEG,C1,box,NA,26,26.36,2,GST
END-041199009912R,Thermostat Overheat 110deg,C1,box,NA,31.25,62.72,2,GST
GLO-041199009912R,Thermostat Overheat 110deg,C1,box,NA,12.5,44.54,2,GST
GLO-D122,THERMOSTAT OVERHEAT 250 DEG,C1,box,NA,26,26.36,2,GST
ED-CK150,THERMOSTAT/MULTI SWITCH KLEENMAID,C1,box,NA,25,89.09,2,GST
GLO-041099009904R,THERMOSTAT-SWITCH COMBINED,C1,box,NA,79,136.36,2,GST
ED-WR01X10200,Thimble Door,C1,box,NA,2.5,5.45,2,GST
DS-70X1227,Timer,C1,box,NA,116.88,175.45,2,GST
GLO-70X1227,Timer,C1,box,NA,88,131.81,2,GST
QT-Z1448728,TIMER DEFROST 8 HR ROHS N520F,C1,box,NA,19,80.9,2,GST
GLO-0609100270,TIMER OVEN,C1,box,NA,71,71.81,2,GST
NS-0574400062,TIMER SWITCH,C1,box,NA,76.36,117.27,2,GST
NS-147128200,TOP CROSS MEMBER,C1,box,NA,11.81,26.36,2,GST
GLO-545-1-907,Trim Ring 0545001907,C1,box,NA,8.69,13.63,2,GST
AS-441334,Tube,C1,box,NA,17.57,26.37,2,GST
SE-RF110D,UNIVERSAL DEFROST HEATER LONG,C1,box,NA,41.81,62.72,2,GST
SE-RF100D,UNIVERSAL DEFROST HEATER MED,C1,box,NA,41.81,62.72,2,GST
NS-RF011,SOLID STATE RELAY,C1,box,NA,62,62.72,2,GST
SE-W064,STAINLESS STEEL HOSE 2M & ELBOW,C1,box,NA,12,26.36,2,GST
NS-0012377009K,SUPPORT BUSH & SPIGOT KIT,C1,box,NA,17.57,26.36,2,GST
PR-MSRTHMA085WREO,TEMPERATURE THERMOSTAT,C1,box,NA,15.95,26.36,2,GST
SE-RF810,THERMAL FUSE,C1,box,NA,18,18.18,2,GST
FP-813822,THERMISTOR KIT 525,C1,box,NA,21.09,44.54,2,GST
SE-UNI270,UNIVERSAL DRAIN PUMP,C1,box,NA,72.72,109.09,2,GST
SE-UNI272,UNIVERSAL DRAIN PUMP,C1,box,NA,10,62.72,2,GST
SE-UNI273,UNIVERSAL DRAIN PUMP,C1,box,NA,41.81,62.72,2,GST
SE-UNI274,UNIVERSAL DRAIN PUMP,C1,box,NA,10,62.72,2,GST
SE-UNI277,UNIVERSAL DRAIN PUMP,C1,box,NA,41.81,62.72,2,GST
SE-UNI279,UNIVERSAL DRAIN PUMP,C1,box,NA,59.39,89.09,2,GST
SE-UNI282,UNIVERSAL DRAIN PUMP,C1,box,NA,59.39,89.09,2,GST
SE-UNI011A,UNIVERSAL ELECTRIC DRAIN PUMP,C1,box,NA,72.72,109.09,2,GST
SE-RF039L,UNIVERSAL EVAP MOTOR LOW VOLTAGE,C1,box,NA,59.39,89.09,2,GST
SE-SE161,UNIVERSAL JUNCTION BOX,C1,box,NA,5.5,26.36,2,GST
QT-RF785,UNIVERSAL OVEN FAN MOTOR,C1,box,NA,59.39,89.09,2,GST
GLO-UN160T,UNIVERSAL TIMER,C1,box,NA,19,62.72,2,GST
GLO-UNI60T,UNIVERSAL TIMER,C1,box,NA,19,80,2,GST
0238477064K,UPPER ROLLER KIT,C1,box,NA,27,35.45,2,GST
SM-694570055,Upper Spray Arm,C1,box,NA,26.6,40.9,2,GST
AS-8073824,Valve Inlet,C1,box,NA,90.58,136.36,2,GST
QT-5221JA2006C] VALVE INLET,VALVE INLET,C1,box,NA,51,108.18,2,GST
SE-FP420148S,VALVE INLET 24V AFTERMARKET,C1,box,NA,12.75,44.54,2,GST
SAM-DC62-00266A,Valve Inlet Cold,C1,box,NA,27.5,41.25,2,GST
SAM-DC62-00217L,Valve Inlet Hot,C1,box,NA,25.31,37.97,2,GST
QT-LGF025,VALVE TRIPLE SOLENOID,C1,box,NA,36,69,2,GST
SM-769350131,VISOR PACK,C1,box,NA,26,26.36,2,GST
SM-824610533,WARNING LIGHT,C1,box,NA,5.54,11.81,2,GST
QT-LGDW003,WASH MOTOR,C1,box,NA,47,100,2,GST
QT-674000600041,WASH PUMP,C1,box,NA,181,181.81,2,GST
ED-12002773,WASHER SPRING KIT,C1,box,NA,999,999,2,GST
QT-4986ED3001A,WASHPUMP SEAL,C1,box,NA,4,4.54,2,GST
ED-WR17X10734,WATER TANK,C1,box,NA,39.85,62.72,2,GST
QT-AJL72910401,WATER TANK,C1,box,NA,37.4,75.45,2,GST
BWG-22003534,Water Valve,C1,box,NA,76.81,115.45,2,GST
FP-427791P,Window Dryer,C1,box,NA,31.5,47.25,2,GST
AR-C00141769,WIRING LOOM ARISTON,C1,box,NA,33.65,50.47,2,GST
NS-360313,VALVE ASSY INLET 90 DEG 10MMID,C1,box,NA,7.27,37.18,2,GST
FP-424353P,VALVE INLET DUAL,C1,box,NA,54.24,81.36,2,GST
QT-WF003,WATER FILTER UNIVERSAL,C1,box,NA,27.27,40.9,2,GST
AH CALL109,A/HOURS CALL OUT 109,C1,box,NA,0,99.09,2,GST
INS,INS REPORT,C1,box,NA,18.18,18.18,2,GST
PH,Postage & Handling,C1,box,NA,18.18,18.18,2,GST
TRAV,TRAVEL CHARGE,C1,box,NA,27.27,27.27,2,GST
AZ-61006079,AZ-Defrost Element & heater,C1,box,NA,44.6,109.09,2,GST
AZ-61006152,61006152 - Defrost & Heater,C1,box,NA,41.36,45.5,2,GST
AZ-DA47-00095E,THERMO FUSE ASSY,C1,box,NA,7.22,7.95,2,GST
BSH-00095253, DOOR SEAL INNER,C1,box,NA,45.44,45.44,2,GST
1 HR LAB,1 hr Labour,C1,box,NA,40,109.09,2,GST
BSH-00746772,Power Module,C1,box,NA,157.49,236.24,2,GST
45 LBR,Labour 45 minutes,C1,box,NA,81.81,81.81,2,GST
NS-ET431121,ET431121- DOOR HINGES IAG,C1,box,NA,34.54,99,2,GST
QT-ACZ34745502,DISPENSER,C1,box,NA,22.71,35.45,2,GST
GLO-GLO32-01,Grill Element (inner),C1,box,NA,45.92,89.09,2,GST
GLO-GLO32-04,Grill Element (outer),C1,box,NA,45.92,89.09,2,GST
90 LBR,1 1/2 Hours Labour,C1,box,NA,0,163.63,2,GST
PRO-IM102-01,Lower Bake Element,C1,box,NA,89.26,131.81,2,GST
EN-674000200031,DIVERTER ASSEMBLY,C1,box,NA,53,80.91,2,GST
EN-674010020004,WATER PRESSURE SWITCH ASSY,C1,box,NA,28.5,44.55,2,GST
SE-WA285852,Drive Coupling Whirlpool,C1,box,NA,8,53.64,2,GST
EN-30143C4021,Omega Fridge Freezer Main PCB,C1,box,NA,373.1,450,2,GST
BWG-4396508,WATER FILTER ASSEMBLY,C1,box,NA,49.5,49.5,2,GST
SM-816210372,Pressure Switch,C1,box,NA,32.19,49.09,2,GST
SAM-FREIGHT1,FREIGHT,C1,box,NA,18.18,18.18,2,GST
609400031,SWITCH ON/OFF & BRKT ASSY,C1,box,NA,11,29,2,GST
19362,DOOR HINGES (EMILIA OVEN) 019362,C1,box,NA,74.75,107.98,2,GST
BWG-W10527555,MAIN PCB,C1,box,NA,82.72,126.36,2,GST
DS-1899390705,MAIN PCB,C1,box,NA,122.4,182.72,2,GST
BWG-4396508,,C1,box,NA,49.5,49.5,2,GST
EN-70X0023,MAIN PCB,C1,box,NA,173.79,262.72,2,GST
SAM-DA41-00099C,Main PCB,C1,box,NA,50.45,89.09,2,GST
SAM-DA41-00205A,MAIN PCB,C1,box,NA,75.58,153.63,2,GST
TEC-FREIGHT,,C1,box,NA,18.18,18.18,2,GST
NS-0612306001,BUTTON,C1,box,NA,4.54,7.27,2,GST
NS-0120300023,SPRING,C1,box,NA,4.54,7.27,2,GST
BSH-361127,Door Gasket Bosch,C1,box,NA,58.49,89.09,2,GST
ED-GN166667,DOOR HINGES,C1,box,NA,24.1,44.55,2,GST
ED-GN591480,HINGE MOUNTS,C1,box,NA,12.84,26.36,2,GST
ED-CK012,TIMER,C1,box,NA,190.55,248.18,2,GST
ED-74X3636,POWERBOARD,C1,box,NA,262.57,341.82,2,GST
ED-74X4161,KEYBOARD,C1,box,NA,227.51,296.36,2,GST
1.5 LBR,1.5 LBR,C1,box,NA,0,163.64,2,GST
60 LBR,Labour 1 hour,C1,box,NA,0,109.09,2,GST
NS-119414520,Lid Lock Assembly,C1,box,NA,46.36,69.55,2,GST
PRO-603025,FAN FORCE MOTOR & BLADE,C1,box,NA,66.25,66.25,2,GST
PRO-411087,CABINET DOOR SEAL,C1,box,NA,46.75,46.75,2,GST
PRO-101280304,PLASTIC MOUNTING BRACKET,C1,box,NA,10.43,10.43,2,GST
SAM-DD67-00079A,DRAIN HOSE,C1,box,NA,20.84,20.84,2,GST
SAM-DA29-00003G,WATER FILTER,C1,box,NA,51.39,104.55,2,GST
SAM-DA96-00395B,FRIDGE EVAP ASSY,C1,box,NA,66.56,135.45,2,GST
SAM-DA97-05369K,EVAP ASSY COVER,C1,box,NA,78.18,156.36,2,GST
GLO-GLO13-02,TOP GRILL ELEMENT,C1,box,NA,51,51,2,GST
GLO-FN94C000,FAN ELEMENT 2200W,C1,box,NA,43.82,53.64,2,GST
ED-37004,CONTROL TIMER,C1,box,NA,206.94,324.55,2,GST
NS-50293177-00/7,Drain Pump,C1,box,NA,40,80,2,GST
QT-EBR39322401,Main PCB,C1,box,NA,135.5,203.24,2,GST
GLO-A/034/09,MAIN SELECTOR SWITCH,C1,box,NA,54,109.09,2,GST
2 HR LBER,2 HRS LABOUR,C1,box,NA,0,218.18,2,GST
APR-CONSUMABLES,APR-CONSUMABLES,C1,box,NA,0,18.18,2,GST
BSH-00144797,MOTOR,C1,box,NA,0,348.18,2,GST
BSH-00448032,SHOCK ABSORBERS,C1,box,NA,0,135.45,2,GST
BSH-00176095,TEMPATURE CONTROL KNOB,C1,box,NA,15.29,15.29,2,GST
BSH-00014254,SPRING (PKT 10),C1,box,NA,9.89,9.89,2,GST
BSH-57874,LIGHT BULB 40 WATTS,C1,box,NA,12.86,12.86,2,GST
QT-AEG33121506,MAIN ELEMENT,C1,box,NA,32.72,65.45,2,GST
FP-425974P,WATER DISPENSER RUBBER BEND,C1,box,NA,3.54,9.09,2,GST
GLO-584001,BLANCO HINGE SUPPORTS,C1,box,NA,28,44.55,2,GST
2.5 LAB,2.5 HRS LABOUR,C1,box,NA,0,272.73,2,GST
AR-C00254755,DOOR INTERLOCK ,C1,box,NA,20.19,44.55,2,GST
NS-8996619143788,AEG Oven Fan Motor,C1,box,NA,157.73,220,2,GST
BWG-W10190958,ICE MAKER ASSY COMPLETE,C1,box,NA,150,150,2,GST
SAM-DC62-00233B,Samsung Triple Inlet Valve,C1,box,NA,31.65,53.64,2,GST
AR-C00140744,Ariston Washing Machine Damper Kit (set of 2),C1,box,NA,15.13,36.36,2,GST
QT-AGZ68816701,LG Washer Agitator Plate Assy,C1,box,NA,19,40.91,2,GST
AN-YL7437170,Liebherr Freezer Dividing Wall,C1,box,NA,41.73,68.18,2,GST
DS-IBE1EBA,CIRCUIT BOARD,C1,box,NA,54.88,81.82,2,GST
DS-ILMP0010885,LIGHT GLOBE,C1,box,NA,6.68,10.91,2,GST
DS-I2005E/R,LAMP HOLDER,C1,box,NA,3.27,8.18,2,GST
ED-67005014,Amana Damper Control Assy,C1,box,NA,67.2,123.64,2,GST
IL-G/505/10/08,OUTER DOOR GLASS WITH FACTORY MOUNTED BRACKETS,C1,box,NA,198,259.09,2,GST
GLO-GB1200003,St George Fan Forced Element ,C1,box,NA,,,2,GST
,Replaces GB120000,C1,box,NA,FALSE,Global Components Pty Ltd,2,GST
GLO-1355,St George Thin Cooling Fan Motor,C1,box,NA,65,131.82,2,GST
GL-096553,LOWER BAKE ELEMENT,C1,box,NA,110.9,110.9,2,GST
BSH-00611317,CONTACT (REED SWITCH FOR FLOW METER),C1,box,NA,24.24,24.24,2,GST
WA-DA96-00013Y,EVAPORATOR ASSEMBLY,C1,box,NA,42,42,2,GST
WA-DA97-05290Q,Evaporator Cover Assembly,C1,box,NA,51,51,2,GST
WA-DA97-07621B,Evaporator Cover Assembly,C1,box,NA,54.21,54.21,2,GST
WA-0197300040,DRYER IDLE PULLEY,C1,box,NA,21.1,21.1,2,GST
WA-1526377161,DISHWASHER DOOR LATCH,C1,box,NA,56.57,56.57,2,GST
WA-0198300011,DRYER DRUM BELT,C1,box,NA,12.87,12.87,2,GST
DS-50286082-00/8,Blanco DW Door Latch Assembly,C1,box,NA,17.86,30,2,GST
ED-10872104,ARM WTR ACTUATOR,C1,box,NA,12.34,20.91,2,GST
ED-C8972703,MICRO SWITCH,C1,box,NA,31.36,68.18,2,GST
OL-TOP DUAL ELEMENT,TOP DUE ELELEMNT,C1,box,NA,50,80.91,2,GST
NS-1366033007,DRIVE BELT,C1,box,NA,19.09,31.82,2,GST
GLO-1110000491,Baumatic Multiswitch,C1,box,NA,51.96,80.91,2,GST
FP-410089P,F & P DRYER STRIKE,C1,box,NA,3.52,3.52,2,GST
NS-132729802,DRAIN HOSE,C1,box,NA,26,26,2,GST
FP-421079,STICKER,C1,box,NA,22.31,35.45,2,GST
FP-421082,CONTROL PANEL,C1,box,NA,17.5,25.45,2,GST
FP-421230P,ELECTRONIC PCB,C1,box,NA,75.1,108.18,2,GST
AR-C00118765,Indesit DW Door Latch Assy,C1,box,NA,12.9,19.36,2,GST
AR-C00094901,HOTPLATE KNOBS,C1,box,NA,12.74,12.74,2,GST
ED-WA481010471409,Whirlpool Oven Main PCB,C1,box,NA,116.43,250.91,2,GST
BWG-480121101179,Temperature Probe,C1,box,NA,19.09,31.82,2,GST
NS-0038002741,Oven outer door panel with glass,C1,box,NA,90,120,2,GST
GLO-55.18664.050,TOP OVEN CONTROL THERMOSTAT,C1,box,NA,60.5,60.5,2,GST
GLO-S15068,OVERHEAT THERMOSTAT,C1,box,NA,23.7,23.7,2,GST
ED-S51202S,TEMP CONTROL KNOB SILVER,C1,box,NA,22.73,22.73,2,GST
